"month","site_no","NO3_Estimate","NO3_Upper","NO3_Lower"
"2005-01","usgs08164000",4823.653742974834,12640.304851543295,1986.6015846892021
"2005-02","usgs08164000",20134.54810641558,57461.073240752514,7744.006183141747
"2005-03","usgs08164000",19564.370768900208,58542.21936824284,7445.321659488507
"2005-04","usgs08164000",1712.502045416073,4341.38263026056,693.7869149199346
"2005-05","usgs08164000",3172.3846630058633,8441.314972002856,1298.1936449778148
"2005-06","usgs08164000",1187.6768462926968,2942.010604735315,516.6787465014984
"2005-07","usgs08164000",394.6681582497971,863.0726327106144,199.14538892466555
"2005-08","usgs08164000",343.1313826370786,701.0331862358046,182.02105230407108
"2005-09","usgs08164000",291.8541001442621,621.8354931596832,149.53725340930862
"2005-10","usgs08164000",619.3952322282427,1549.0901890229832,267.8141604139782
"2005-11","usgs08164000",224.39817620389022,460.90611664575255,114.36444451598241
"2005-12","usgs08164000",319.0208092439652,640.5899041502997,163.57027625881372
"2006-01","usgs08164000",363.3277878269902,703.4885275958964,186.9420191734356
"2006-02","usgs08164000",454.0250537120123,847.1086044914534,239.29934895819457
"2006-03","usgs08164000",1327.6639807315419,2756.9599177091445,649.2235845053116
"2006-04","usgs08164000",367.0224770470554,684.7303272432836,198.7969121764477
"2006-05","usgs08164000",853.2877274817504,1704.9215363318438,434.3668660574946
"2006-06","usgs08164000",1210.8503165520167,2055.09160637512,723.4509384725544
"2006-07","usgs08164000",3077.791332315562,5482.63445669186,1708.674446510075
"2006-08","usgs08164000",103.38883265325558,162.93198720520653,64.63655885276508
"2006-09","usgs08164000",1031.0531744994805,1642.9986797300794,649.2254172890005
"2006-10","usgs08164000",2701.065151613682,4630.57149122697,1576.325469216487
"2006-11","usgs08164000",131.3194283524143,210.6422549210129,82.06623896264935
"2006-12","usgs08164000",326.3992759636187,508.6573501196518,212.8648180309425
"2007-01","usgs08164000",27229.47293200147,51602.777535197034,14092.706088546036
"2007-02","usgs08164000",2462.0423785710245,3693.2703674191703,1625.5599441773227
"2007-03","usgs08164000",36368.30895059452,68761.94744911976,19388.547503223002
"2007-04","usgs08164000",21046.15359876203,38714.18286776096,11593.999455708674
"2007-05","usgs08164000",30323.563859066806,60983.30052246901,15298.28012672421
"2007-06","usgs08164000",2210.966590360391,4384.171407352168,1119.1440613753773
"2007-07","usgs08164000",31075.861821343377,62944.39848881873,14894.044691970095
"2007-08","usgs08164000",1685.5698289743618,3077.1252952747013,892.6690168011278
"2007-09","usgs08164000",1762.644466665801,3151.290495736056,945.4449211710105
"2007-10","usgs08164000",3083.9777612724497,5768.289675826065,1577.8918351327843
"2007-11","usgs08164000",1171.0019395986728,1806.345806345209,736.3248607207175
"2007-12","usgs08164000",1262.5825821593,1951.4212819047211,807.177132997513
"2008-01","usgs08164000",2046.95258616443,3213.690459007856,1275.7108678371972
"2008-02","usgs08164000",1782.276354910717,2708.1945125802554,1164.2995338122605
"2008-03","usgs08164000",3497.9845773363586,6053.597912243226,2033.8016743575486
"2008-04","usgs08164000",760.6747630764025,1233.9231279551468,471.4023584234288
"2008-05","usgs08164000",193.99225778994045,351.4943022461404,108.4522771018271
"2008-06","usgs08164000",101.08134893243142,187.70397937946078,53.37635532549531
"2008-07","usgs08164000",264.075028382048,458.2060179196964,147.9394511671047
"2008-08","usgs08164000",670.0030794032436,1090.908080643508,405.89815885718
"2008-09","usgs08164000",7169.036054855284,12646.643153325063,3962.0838087079824
"2008-10","usgs08164000",1946.1019517619343,2883.6075076575166,1288.056672034955
"2008-11","usgs08164000",1280.0032895674274,1977.8032333977994,816.2148871888469
"2008-12","usgs08164000",242.51885064119065,378.504538540664,157.60032800547756
"2009-01","usgs08164000",145.59990759680332,257.7838761759784,83.2806351095997
"2009-02","usgs08164000",93.16924638379285,165.4349408944353,53.68163829972202
"2009-03","usgs08164000",172.90058159712345,325.3405856002202,95.61794835352369
"2009-04","usgs08164000",24581.328001535087,37893.01461099053,16285.218433933083
"2009-05","usgs08164000",1424.763385217351,2595.6741053157098,808.4321197012756
"2009-06","usgs08164000",50.1520642084283,97.51571436397708,26.642684109943556
"2009-07","usgs08164000",28.29255109770542,55.00967846365262,15.0195777429889
"2009-08","usgs08164000",6.116940850162952,13.453752370680515,2.9243788629513663
"2009-09","usgs08164000",714.5004504116081,1314.4963881839478,380.73691999238207
"2009-10","usgs08164000",34753.16375162576,62289.25861314514,19249.290835359607
"2009-11","usgs08164000",5875.385858910449,10832.647600532056,3211.209281196401
"2009-12","usgs08164000",6709.755330560592,13247.997331758368,3412.1618765737207
"2010-01","usgs08164000",17317.487564054194,34992.21358655096,9132.05884727928
"2010-02","usgs08164000",21002.776587096334,39915.77711007879,11063.181564359025
"2010-03","usgs08164000",4692.893027790309,7615.278051079368,2910.528782570577
"2010-04","usgs08164000",1966.2886211029538,3068.6040506519194,1251.2354868619707
"2010-05","usgs08164000",4833.269358098076,9172.49815956882,2661.551918005121
"2010-06","usgs08164000",615.1735835314894,980.0187910773465,374.84340688584933
"2010-07","usgs08164000",2785.3278249046352,5620.337254613341,1365.1907344998228
"2010-08","usgs08164000",78.64690545429815,145.6478830462798,41.66989424679045
"2010-09","usgs08164000",10348.582534353967,20291.653662359582,5252.8286769851065
"2010-10","usgs08164000",628.1045959990558,1112.8603589262723,353.173682836692
"2010-11","usgs08164000",694.7051444207385,1215.3630860839426,392.8828277476145
"2010-12","usgs08164000",859.6646184935181,1485.5762998767145,494.0159950655904
"2011-01","usgs08164000",7029.219317864158,12360.57623398572,4044.2994137666687
"2011-02","usgs08164000",1239.8285246520725,2049.8653161705543,752.4425039213727
"2011-03","usgs08164000",725.6525731091543,1291.0837690200945,405.5371152174487
"2011-04","usgs08164000",294.6516955595694,547.7527627968991,159.2580630248078
"2011-05","usgs08164000",168.35496306530317,310.7414718599475,93.26220313776126
"2011-06","usgs08164000",144.19812111062058,246.5465810185572,85.36793474619957
"2011-07","usgs08164000",69.08623467691679,114.83821917979922,41.77204657043045
"2011-08","usgs08164000",18.113719492844666,33.76782982258045,10.187670855839157
"2011-09","usgs08164000",7.175970257237329,15.225314871736211,3.52151043756378
"2011-10","usgs08164000",30.847274716697292,55.819555719593325,17.339429542321877
"2011-11","usgs08164000",151.75253895334896,242.29842288213464,93.94681479643857
"2011-12","usgs08164000",784.4964558530261,1213.3192979362625,495.9313002274238
"2012-01","usgs08164000",8420.301512139937,13438.420334350008,5309.799745266372
"2012-02","usgs08164000",7976.855712713659,13295.494727229414,4851.97639067687
"2012-03","usgs08164000",16511.769931459963,28135.711168335907,9748.635143217012
"2012-04","usgs08164000",1452.726101142907,2217.7545424554437,949.4692102164165
"2012-05","usgs08164000",1155.6928074272153,1885.2498449371062,701.0607540923056
"2012-06","usgs08164000",33.58478692767353,58.714863718075534,19.284559146720348
"2012-07","usgs08164000",2668.8030952196764,5381.02152981874,1329.6431609412716
"2012-08","usgs08164000",13.041809114900216,24.66826966542752,6.6821094674220385
"2012-09","usgs08164000",180.63274090239554,396.9200938166088,81.45269267435437
"2012-10","usgs08164000",152.49197783522413,314.11096717087287,72.33192653446642
"2012-11","usgs08164000",7.40576131477923,16.09771154025669,3.2896875595939794
"2012-12","usgs08164000",38.331259625593454,71.01251213898165,19.019357201392445
"2013-01","usgs08164000",1387.9231952810317,2892.6406131933736,662.4296088570131
"2013-02","usgs08164000",137.6518472734371,247.54220162405144,74.37641196116175
"2013-03","usgs08164000",170.1589512134652,292.93526287516613,97.06500388565001
"2013-04","usgs08164000",10900.7333484198,21600.783135390633,5560.857304008278
"2013-05","usgs08164000",2345.2829467614024,4148.818734205519,1311.6321547739747
"2013-06","usgs08164000",503.27690741479313,836.5816045311134,294.2786658909634
"2013-07","usgs08164000",6.428256316625279,10.81476019975219,3.8028027770900525
"2013-08","usgs08164000",24.131311026603274,39.97596151943838,14.333024558618833
"2013-09","usgs08164000",63.52316357883579,104.87827161077702,38.19856108058252
"2013-10","usgs08164000",1290.408500235602,2257.9489209800677,745.0908807161262
"2013-11","usgs08164000",262.10950108612246,386.94168906951364,176.8705526541133
"2013-12","usgs08164000",56.66498115105699,98.28297316656788,33.11944760723931
"2014-01","usgs08164000",77.70058964557839,137.43384608404665,43.85831682805306
"2014-02","usgs08164000",54.801276874843765,101.01691610847173,30.053926079731475
"2014-03","usgs08164000",928.0411618997248,1809.551630376566,500.39962939970303
"2014-04","usgs08164000",43.55910891417695,84.68398259207683,23.636553507145514
"2014-05","usgs08164000",2666.4150190246623,5504.315225818373,1334.1302200967177
"2014-06","usgs08164000",506.0722145134789,878.4375731447622,295.3180774625743
"2014-07","usgs08164000",21.19111846414892,39.709244137615755,11.5362447820386
"2014-08","usgs08164000",0.25303856950792003,0.49303460098725127,0.12289077092926998
"2014-09","usgs08164000",11.958490725423221,22.136615633904132,6.246569006460928
"2014-10","usgs08164000",0.2795354759369828,0.5544466561441809,0.12868345224789265
"2014-11","usgs08164000",121.40026828365302,218.6709178958844,67.27898608423243
"2014-12","usgs08164000",30.155829894112685,61.87948057700166,14.273088749754743
"2015-01","usgs08164000",327.20174563647566,623.4849264368772,169.61656659365966
"2015-02","usgs08164000",18.768413286760417,39.970482239748485,8.758282803292875
"2015-03","usgs08164000",20248.87945431231,43881.02987023154,9503.641844868767
"2015-04","usgs08164000",19974.093851642127,40879.85352699973,10000.49854117919
"2015-05","usgs08164000",16540.275844123942,31536.97040464067,8569.263431240697
"2015-06","usgs08164000",29737.03839841731,59723.05413384267,14790.872710319522
"2015-07","usgs08164000",726.101942258894,1496.3763585320494,351.40543337875465
"2015-08","usgs08164000",77.59956075416123,168.82391209759672,35.554666387115354
"2015-09","usgs08164000",215.58667047902492,411.02024383755304,112.75970522734077
"2015-10","usgs08164000",9598.532628053885,22816.772586583233,4203.045279503098
"2015-11","usgs08164000",6827.235818902183,14845.927348381045,3161.2261206377316
"2015-12","usgs08164000",5913.743018265785,13654.532889814815,2615.084486019262
"2016-01","usgs08164000",7319.36631787412,14100.977526751743,3928.6768547270453
"2016-02","usgs08164000",1744.2286593981228,3319.4457809519135,961.5470431012088
"2016-03","usgs08164000",8068.857052295867,16162.603079994691,4102.787347558247
"2016-04","usgs08164000",3702.62069938722,7295.756115400004,1987.1165795492536
"2016-05","usgs08164000",8445.403039377108,16803.954281016686,4391.457743375374
"2016-06","usgs08164000",6074.61817621385,12307.308083359212,3158.2754883182824
"2016-07","usgs08164000",418.75858817784234,751.3444784462095,241.56820454995344
"2016-08","usgs08164000",1701.1606188304527,3422.5200380994156,861.903476897124
"2016-09","usgs08164000",445.7217213166818,825.7237522297431,248.90696007864665
"2016-10","usgs08164000",44.63706954877463,92.61785270595895,22.347822928853965
"2016-11","usgs08164000",105.46547203346248,209.26663419660338,54.74156513897839
"2016-12","usgs08164000",815.7855881155745,1673.5245270238636,414.97841000768796
"2017-01","usgs08164000",4174.543107760534,10102.442787321475,1683.9731251592175
"2017-02","usgs08164000",4660.910620634175,11162.879606542017,1961.4068532638641
"2017-03","usgs08164000",1483.863659698033,3252.3529620290487,696.8094169962698
"2017-04","usgs08164000",306.78880219571886,650.121691786654,147.01848223686144
"2017-05","usgs08164000",60.82039739432466,122.7478129163703,31.03545123809443
"2017-06","usgs08164000",287.7641457428642,544.541847746085,151.42689448265952
"2017-07","usgs08164000",31.116582766207813,60.45552179551278,16.471698785216475
"2017-08","usgs08164000",24561.630582735666,55336.65288616062,11103.187542349337
"2017-09","usgs08164000",3434.9628742945197,6994.651954915695,1685.4900987350602
"2017-10","usgs08164000",1252.4476464031513,2076.3208248600154,752.6284815764658
"2017-11","usgs08164000",534.0221723315498,909.046159942817,312.7646670934586
"2017-12","usgs08164000",629.4749605455888,1071.0189151670015,368.1654498638986
"2018-01","usgs08164000",259.47689430446235,467.0509855643781,142.93371666325294
"2018-02","usgs08164000",434.1030404266229,735.7174678326427,255.0145966595713
"2018-03","usgs08164000",629.3488057767364,1186.9945067780386,341.1189586941369
"2018-04","usgs08164000",389.3472928738198,681.9571555151877,221.88562604884288
"2018-05","usgs08164000",64.76781601550198,116.10208603632533,35.98423881866138
"2018-06","usgs08164000",2867.1680690611374,5471.817590134769,1530.0079785939135
"2018-07","usgs08164000",81.65259418640787,141.99565830055377,46.95232869235833
"2018-08","usgs08164000",21.566981285680605,37.28481990932361,12.782800119090854
"2018-09","usgs08164000",383.3995498366899,625.464275040064,235.01397834414027
"2018-10","usgs08164000",10245.141353232435,19216.962305469522,5380.597155458992
"2018-11","usgs08164000",8137.757194717651,13729.096689072794,4799.165446055944
"2018-12","usgs08164000",33330.09350037602,59127.10575861544,18765.85602839147
"2019-01","usgs08164000",4998.030849849932,7466.083339065494,3375.3276277058753
"2019-02","usgs08164000",3398.3565180231362,5505.38367853957,2117.278984251203
"2019-03","usgs08164000",1515.3830679327586,2394.1227522823597,953.7898588849445
"2019-04","usgs08164000",545.0271515907714,881.8590243115883,331.1360134942005
"2019-05","usgs08164000",2475.9058088347056,4863.426218744956,1248.807520878748
"2019-06","usgs08164000",654.3073647429092,1246.962457173581,331.8979732079709
"2019-07","usgs08164000",235.73152608144318,474.5813539546849,113.51030003324894
"2019-08","usgs08164000",19.82470740853975,40.67060801503095,9.883952778839136
"2019-09","usgs08164000",18.23373973569572,37.882006046540035,8.983623804440555
"2019-10","usgs08164000",162.10936066113007,327.03405385889465,80.73636489478449
"2019-11","usgs08164000",481.7592695269254,938.0536404828113,245.0950541570311
"2019-12","usgs08164000",69.16901668886985,134.56194660969098,36.86127490255798
"2020-01","usgs08164000",66.08863688901491,149.751771854045,31.456178591582045
"2020-02","usgs08164000",13.927085156422832,33.865335124391265,6.11211065132582
"2020-03","usgs08164000",115.59258049842943,323.4000367439028,45.43776438381896
"2020-04","usgs08164000",195.96025698797246,569.5891237267728,75.18950714704002
"2020-05","usgs08164000",151.0761531937823,431.3010123910222,58.26834478775092
"2020-06","usgs08164000",188.76870596441776,540.0536331291704,71.58826263201713
"2020-07","usgs08164000",16.24173402395823,49.92625347600922,5.9388005079506465
"2020-08","usgs08164000",2.0157888570228755,6.060323630569609,0.7244901789028195
"2020-09","usgs08164000",837.7365637925616,2249.641263846368,306.7616252640234
"2020-10","usgs08164000",9.316628114402409,27.285574113514162,3.3148351829711027
"2020-11","usgs08164000",140.03624779574835,397.96335080403344,53.898507132715714
"2020-12","usgs08164000",338.92237781443663,895.2220980929081,137.99153222248614
"2005-01","lktexana_g",4468.477030614905,7692.335685941355,2518.7402259797536
"2005-02","lktexana_g",52361.47625876297,92279.46596717976,29518.07482401447
"2005-03","lktexana_g",51188.88267262538,88690.96691988375,28641.501703008154
"2005-04","lktexana_g",7895.481020015724,10340.5709533349,5971.181264368777
"2005-05","lktexana_g",40026.08637956871,65675.21630855852,24714.92703499084
"2005-06","lktexana_g",12240.859897257835,19945.4918710719,7563.3388868288475
"2005-07","lktexana_g",17145.979213048522,28654.48750304413,10259.867574170881
"2005-08","lktexana_g",2001.6421898607111,3008.128692915223,1343.0305358263518
"2005-09","lktexana_g",890.2265191949721,1430.0517694737973,570.115812865146
"2005-10","lktexana_g",1953.2293562565262,3238.481874503827,1192.30770789891
"2005-11","lktexana_g",460.3603259893081,737.9401193787286,292.8960607900968
"2005-12","lktexana_g",727.1489817230389,1125.536300101856,472.3038460728469
"2006-01","lktexana_g",453.7776583681354,701.2594095783511,295.63148619556284
"2006-02","lktexana_g",446.6919960381185,660.6573843776581,301.2426538032952
"2006-03","lktexana_g",203.88333184100836,296.7735785430919,139.55739250621141
"2006-04","lktexana_g",329.0292156032757,473.90456358566456,226.91859724672713
"2006-05","lktexana_g",3270.821990476293,5913.031240327839,1789.9496016790074
"2006-06","lktexana_g",1514.5391868662973,2311.4475276144635,1033.2600146326013
"2006-07","lktexana_g",4753.045793283292,7898.008317630002,2852.67021271836
"2006-08","lktexana_g",343.66694474234913,509.71613910660875,234.8825156064269
"2006-09","lktexana_g",1001.9413785196684,1757.2033328986179,575.0270146198727
"2006-10","lktexana_g",5993.7825407661985,10743.147520697352,3353.5019298050743
"2006-11","lktexana_g",166.46035555409696,273.2339972560288,102.15712939060914
"2006-12","lktexana_g",172.2376892780509,295.4880189427387,100.52290116613855
"2007-01","lktexana_g",21829.478965458195,38948.93787324343,12471.395980999632
"2007-02","lktexana_g",1440.0566852975203,2328.281600566873,912.3242027684462
"2007-03","lktexana_g",37428.53165947774,60372.108724322134,22767.198223980173
"2007-04","lktexana_g",28499.906360587844,43406.90750047443,18936.50139623275
"2007-05","lktexana_g",140574.88171770622,207914.02575666865,96846.90108306712
"2007-06","lktexana_g",9771.660653195415,15256.17208236231,6401.21680106324
"2007-07","lktexana_g",346661.0614286807,525792.9773218388,234501.1908471987
"2007-08","lktexana_g",25591.0367552053,43443.38405906934,14883.211526799552
"2007-09","lktexana_g",11542.485516348599,20476.62274266622,6378.942988723596
"2007-10","lktexana_g",8683.06575057512,14401.67466309739,5154.681058673371
"2007-11","lktexana_g",2132.025984210477,3855.9578564916155,1203.632289721825
"2007-12","lktexana_g",673.7091620474182,1034.0556478890105,435.5263795699099
"2008-01","lktexana_g",5862.126111864968,10537.30234934619,3247.0693276366164
"2008-02","lktexana_g",17562.779010176844,30135.33515047956,10389.257167705526
"2008-03","lktexana_g",17481.133109808095,28495.927745971752,10711.919320682018
"2008-04","lktexana_g",4430.000962512467,5859.685356476541,3315.4890262263916
"2008-05","lktexana_g",2297.0885064424683,3188.014801807628,1645.1166414631894
"2008-06","lktexana_g",855.7082936722447,1250.5479853403654,590.0981017092377
"2008-07","lktexana_g",1092.7172114406906,1556.6557626334545,772.63167237244
"2008-08","lktexana_g",504.414881723717,732.5517716234963,356.33950434957524
"2008-09","lktexana_g",1609.6006065630165,2837.191267550265,912.0904414434484
"2008-10","lktexana_g",294.1271594380162,489.4834091074229,177.47137918994716
"2008-11","lktexana_g",78.04334330973639,128.8128681880259,47.741197294245865
"2008-12","lktexana_g",36.253572047268094,61.599499326834135,21.545713076634552
"2009-01","lktexana_g",39.69193722520172,67.94942400885867,22.989242461806757
"2009-02","lktexana_g",67.11986966911155,112.87207938989864,38.99391123702175
"2009-03","lktexana_g",115.55769795760739,187.95638825443083,68.75945265681695
"2009-04","lktexana_g",24292.427445598125,39236.64143441066,14945.796452941413
"2009-05","lktexana_g",599.3039917483413,853.3327566798957,416.01243861051
"2009-06","lktexana_g",214.63016109322695,320.2930453902265,138.5803992056582
"2009-07","lktexana_g",127.50796795968168,194.2366419431639,81.02290501551808
"2009-08","lktexana_g",118.91412358750448,180.8567502457222,77.46891284801792
"2009-09","lktexana_g",80.41281238088852,129.18875226596032,50.72126586184189
"2009-10","lktexana_g",11364.054010784404,21231.731922494186,5791.5041670435385
"2009-11","lktexana_g",3580.9037995061367,6518.167301636029,1932.32389891467
"2009-12","lktexana_g",13910.523307023795,24955.708007715217,7551.84358912196
"2010-01","lktexana_g",22914.690807813775,40344.642775654866,13416.419631988563
"2010-02","lktexana_g",15136.723127312533,26117.748464555916,9009.102205946636
"2010-03","lktexana_g",2308.247307690009,3183.19200837057,1669.0436282940386
"2010-04","lktexana_g",3316.362265139768,4400.497409246683,2506.0402090597477
"2010-05","lktexana_g",27285.0769650021,42106.86474574225,17989.262028936206
"2010-06","lktexana_g",4906.456978036369,7424.050187271609,3403.5118289044663
"2010-07","lktexana_g",72703.11908893462,108191.36308670991,49292.16167713597
"2010-08","lktexana_g",1447.2218302888305,2046.3796732445014,1031.4643707945636
"2010-09","lktexana_g",18357.580835468063,30266.90556661668,10890.670753926272
"2010-10","lktexana_g",782.7211251154857,1266.1556418072337,487.18989889656285
"2010-11","lktexana_g",263.1047071264143,416.38226575972305,168.47205626539113
"2010-12","lktexana_g",129.35267786268608,201.6555327498583,84.37414659726751
"2011-01","lktexana_g",568.2500604173342,875.8796990595387,367.15923760729214
"2011-02","lktexana_g",520.4580550156813,808.5767413665286,342.310400853211
"2011-03","lktexana_g",209.1211413828344,321.8127799265699,138.38988881685023
"2011-04","lktexana_g",92.098726032345,140.72331976651176,59.25949494873981
"2011-05","lktexana_g",109.92653187011481,163.42614452953788,72.04975583359781
"2011-06","lktexana_g",58.57579359553294,83.9459058433431,40.21565981885968
"2011-07","lktexana_g",112.17522103950597,164.99461335637045,75.40413260634867
"2011-08","lktexana_g",89.78075265062523,135.86986449071122,58.99317298196826
"2011-09","lktexana_g",31.67984117867057,51.03093064974339,19.825406262527878
"2011-10","lktexana_g",52.178838268698065,85.75055173908439,31.97665371422808
"2011-11","lktexana_g",43.63264944484299,71.24894783463972,27.257731451302732
"2011-12","lktexana_g",23.107622274489728,37.139021787196945,14.58145824427824
"2012-01","lktexana_g",64.06343189238721,106.28318843887926,38.29244545950028
"2012-02","lktexana_g",662.1685709357413,1005.4431485386135,437.97229137947176
"2012-03","lktexana_g",6114.1184262262295,10110.464592091426,3678.638421989379
"2012-04","lktexana_g",2351.58249202656,3267.974757878128,1709.9718486693987
"2012-05","lktexana_g",4597.30498405464,7207.914270630052,3074.4297269607323
"2012-06","lktexana_g",1077.362606888131,1507.0983411990235,772.0295026482395
"2012-07","lktexana_g",19000.028810740412,32082.7493682508,11394.137711140356
"2012-08","lktexana_g",964.0031222212203,1418.360837295812,655.0978834451226
"2012-09","lktexana_g",489.4189247591491,766.9035584577416,308.9397749227673
"2012-10","lktexana_g",874.4631286331594,1539.5375746385364,518.5683029889748
"2012-11","lktexana_g",132.1294844239665,211.8710507272205,83.05346275744321
"2012-12","lktexana_g",91.72516585783728,149.05998567128728,56.82660576762643
"2013-01","lktexana_g",129.87112678953542,220.78320762032607,77.79655877335857
"2013-02","lktexana_g",65.26001047619106,105.66726539524363,41.117929759915526
"2013-03","lktexana_g",49.138675605993626,74.87711916580677,31.685956558470778
"2013-04","lktexana_g",791.6553541041517,1141.8882922179112,552.2950554275532
"2013-05","lktexana_g",2651.7312941813334,3771.1246893153707,1898.6593328528104
"2013-06","lktexana_g",996.5412278731168,1402.1032848811235,706.7809402704845
"2013-07","lktexana_g",685.1285538277499,1003.3002157254955,461.142367566965
"2013-08","lktexana_g",282.1812155787654,430.9740728897622,185.80092455865855
"2013-09","lktexana_g",229.74888968145314,408.139804619322,128.33914966086635
"2013-10","lktexana_g",611.6126178556161,1055.3193461907154,350.4923851206422
"2013-11","lktexana_g",508.78684410569156,847.1767974432189,303.67549811474134
"2013-12","lktexana_g",101.46749035554954,172.50871034907007,60.2311140088747
"2014-01","lktexana_g",166.78070551169202,300.9855240258604,93.68407765807746
"2014-02","lktexana_g",95.56886721628223,167.27901979233633,53.58265562817929
"2014-03","lktexana_g",755.6115319978151,1155.5261934806044,485.27038245846035
"2014-04","lktexana_g",142.5441939400336,225.36742827734298,86.77523561331037
"2014-05","lktexana_g",61858.87204539983,102168.06735514062,37755.31660696437
"2014-06","lktexana_g",22122.787981637422,36769.17873698872,13260.288383049994
"2014-07","lktexana_g",2962.0567220739604,4156.175026614691,2116.822949644409
"2014-08","lktexana_g",1034.0707977423835,1502.6033374066476,696.9713674900279
"2014-09","lktexana_g",733.4186527726945,1179.5069559931908,457.49296704437427
"2014-10","lktexana_g",488.1970973098265,786.1993224206487,300.77773383118307
"2014-11","lktexana_g",159.02149849110947,265.14523391437336,94.8510137538927
"2014-12","lktexana_g",50.396800262702506,82.80752720357569,30.801871590598726
"2015-01","lktexana_g",636.5659410586441,1001.3304993594096,402.50918238601423
"2015-02","lktexana_g",438.5169999126998,677.200451685157,281.35053169657107
"2015-03","lktexana_g",61597.0861144381,100089.35612874731,36411.62522406626
"2015-04","lktexana_g",85017.93301199505,128722.68973886136,55231.83521158486
"2015-05","lktexana_g",40921.44405166161,69408.92105335265,24417.881874260664
"2015-06","lktexana_g",220710.01054357243,360173.0045191456,138307.35802660885
"2015-07","lktexana_g",3723.3945911041396,6051.940497769653,2259.601974813758
"2015-08","lktexana_g",1063.9514721602447,1535.4071076667406,748.5116494035613
"2015-09","lktexana_g",1386.2412370295451,2263.667917451565,859.3468499584951
"2015-10","lktexana_g",3906.0036091379848,7068.0816174661495,2102.494642625337
"2015-11","lktexana_g",2787.783559412729,4926.9675455448705,1587.0319846794132
"2015-12","lktexana_g",5652.161603866956,9620.009504898235,3310.393534291629
"2016-01","lktexana_g",4412.489917858845,7246.68785919405,2654.2071485926954
"2016-02","lktexana_g",1866.8895468318733,2769.1798623124773,1264.0265310120517
"2016-03","lktexana_g",52789.265038443875,79974.04095253519,34654.18556632103
"2016-04","lktexana_g",155556.5505315146,217892.8388590952,112580.20244441133
"2016-05","lktexana_g",91447.96557253554,134817.8550903229,63746.75876141964
"2016-06","lktexana_g",56064.03472782772,93749.32780572791,33415.85449096287
"2016-07","lktexana_g",4547.538512929434,6293.669031432642,3312.120299539589
"2016-08","lktexana_g",19923.73320586299,31862.49642620541,11968.254458077143
"2016-09","lktexana_g",6763.807776996434,11102.955304188596,4027.125838324462
"2016-10","lktexana_g",673.3248689514819,1067.569742683693,423.9686610879788
"2016-11","lktexana_g",483.9989076436864,764.9260638482474,304.23105450860413
"2016-12","lktexana_g",695.4265428889211,1121.2308072793453,440.78196383477956
"2017-01","lktexana_g",15257.859394205052,25809.11211233894,9288.723403173408
"2017-02","lktexana_g",35194.80223311088,54332.25415254107,23355.371421695654
"2017-03","lktexana_g",29654.881013490347,46808.01186074042,18564.259421926803
"2017-04","lktexana_g",64842.391475995515,87991.3476870686,48501.52596800676
"2017-05","lktexana_g",4749.077923296423,6718.832927418313,3418.4232788853697
"2017-06","lktexana_g",4129.026034387244,5977.629948587394,2945.6939793321285
"2017-07","lktexana_g",2568.0277935689,3777.7057237195027,1784.5380980113205
"2017-08","lktexana_g",124280.8474159368,200625.82129797322,78781.23770003821
"2017-09","lktexana_g",18842.907223769074,30706.356853193818,11816.985254943502
"2017-10","lktexana_g",860.1937123238121,1381.7111089245655,552.0290096100385
"2017-11","lktexana_g",353.3130185556423,545.1769838347327,231.15503108531684
"2017-12","lktexana_g",434.7759530748419,667.0782143296599,281.90720343986027
"2018-01","lktexana_g",643.4581031043651,990.334115554031,418.6447703024341
"2018-02","lktexana_g",1095.7864075774617,1658.6996563273656,733.3795232670158
"2018-03","lktexana_g",741.8028604920823,1098.6816472564838,504.1564693687232
"2018-04","lktexana_g",1458.6367271394504,2108.3868755225253,1012.7606341537555
"2018-05","lktexana_g",719.7121246419968,1032.596718377661,509.38816166369105
"2018-06","lktexana_g",2365.106403838475,4070.830786528528,1398.457686043273
"2018-07","lktexana_g",1530.1074266342334,2211.306247581398,1080.3397856157826
"2018-08","lktexana_g",600.2958873850087,878.6704081388086,417.19374185086275
"2018-09","lktexana_g",1053.8187693113603,1815.3416434651208,629.2461445405281
"2018-10","lktexana_g",5171.925037012352,9293.928707537038,2880.9153256142285
"2018-11","lktexana_g",4371.671356993806,7908.659569063736,2365.2839987521306
"2018-12","lktexana_g",25992.33041689033,44480.61132090977,15458.257098794187
"2019-01","lktexana_g",8057.664810540591,13955.599097652948,4664.4014191598635
"2019-02","lktexana_g",12316.961761784243,19354.327414075866,7990.139606585961
"2019-03","lktexana_g",7170.183879491057,11559.172309605367,4490.452557009478
"2019-04","lktexana_g",2410.1598175951704,3427.141173255175,1738.0901620304353
"2019-05","lktexana_g",31592.162199054685,47265.5468980241,21278.389213685958
"2019-06","lktexana_g",36864.31414915899,55158.70944083926,25075.62028699851
"2019-07","lktexana_g",3228.2241570833876,4622.369411754525,2285.6973109288865
"2019-08","lktexana_g",896.5765441899301,1260.5450899427747,626.3394779793758
"2019-09","lktexana_g",560.970850812428,900.4470943101802,347.6361996099934
"2019-10","lktexana_g",115.63386321292005,181.16412309745772,74.06711802466134
"2019-11","lktexana_g",301.9564018969243,470.37614033962257,194.06331775918363
"2019-12","lktexana_g",117.44305452189104,183.57696337965925,75.32566823130325
"2020-01","lktexana_g",46.5401134643306,75.36649115578203,29.914649615618846
"2020-02","lktexana_g",53.54708231294778,85.65406794312076,34.52091168768379
"2020-03","lktexana_g",86.42311939120881,133.32606085562446,55.34582212065093
"2020-04","lktexana_g",1325.4992741308408,2011.8155068165913,886.8859879593233
"2020-05","lktexana_g",5555.59426646213,9434.430287663601,3206.6490812439324
"2020-06","lktexana_g",14243.591319927884,23796.328154894574,8382.743192740454
"2020-07","lktexana_g",1896.9254327784927,2997.74267516047,1231.4450330076415
"2020-08","lktexana_g",322.91531393089934,476.402114635153,220.02873832571112
"2020-09","lktexana_g",6536.14470759853,12670.884107608477,3365.2384167020177
"2020-10","lktexana_g",182.84502401796155,307.93469967248046,105.18814339628887
"2020-11","lktexana_g",111.06500847010567,180.23283472279633,66.46680332021698
"2020-12","lktexana_g",5869.342730386144,11021.811116047798,3268.149053108948
"2005-01","usgs08164390",8271.15687940658,12337.840174554729,5504.057952560363
"2005-02","usgs08164390",30011.05308510147,45452.854607074456,19535.344218762853
"2005-03","usgs08164390",31519.66690424068,47083.2100048894,20694.59745284145
"2005-04","usgs08164390",2090.897607142798,2668.4428383534528,1612.2942745282198
"2005-05","usgs08164390",17909.29029566401,26335.068384641425,12431.52652816919
"2005-06","usgs08164390",3539.7936970497817,5025.205193039277,2542.2585347564723
"2005-07","usgs08164390",1011.9188315348651,1429.7496185590232,720.4141385916574
"2005-08","usgs08164390",13.26397362665023,22.165162009469316,8.044026670415876
"2005-09","usgs08164390",146.56654431473825,218.8293750014378,97.12280911686861
"2005-10","usgs08164390",2141.6997648547863,3295.4852664184145,1402.62915272673
"2005-11","usgs08164390",238.59724993311968,337.4888902312333,167.35653389722367
"2005-12","usgs08164390",180.2534364750693,249.65945680352934,127.53643955416973
"2006-01","usgs08164390",329.0483712671681,442.64524626754957,242.29899337848025
"2006-02","usgs08164390",422.96072117726914,559.1994187633023,317.94831225047756
"2006-03","usgs08164390",486.2943770226628,652.125462159286,365.74902728561307
"2006-04","usgs08164390",248.91183813968388,342.1154988805769,182.698549926467
"2006-05","usgs08164390",648.2937152202034,936.1761551157767,439.051752497567
"2006-06","usgs08164390",2830.3682453975425,4086.410153771109,1974.1711013628565
"2006-07","usgs08164390",4009.9882536881933,6032.746180731017,2720.020217084068
"2006-08","usgs08164390",24.254922818651323,37.817006007792024,15.5758857706648
"2006-09","usgs08164390",1888.4479793225146,2837.9802506691617,1266.232687467962
"2006-10","usgs08164390",2800.2220642717393,4256.601310991056,1840.6226941650168
"2006-11","usgs08164390",7.699797257754259,13.310094590786385,4.3878281178725675
"2006-12","usgs08164390",8.042789446527916,13.677273519367391,4.714707390464671
"2007-01","usgs08164390",26397.758417199104,36814.751397217115,19124.70456771315
"2007-02","usgs08164390",1246.8701342793943,1630.8336377917979,947.1824413664546
"2007-03","usgs08164390",29395.506191776487,41962.408268692736,20796.472507783306
"2007-04","usgs08164390",17737.361980853588,24776.15669547079,12700.023463405838
"2007-05","usgs08164390",86998.08579262946,127395.53750197447,61474.158960001994
"2007-06","usgs08164390",5140.262531120177,6922.17118143413,3874.326500878819
"2007-07","usgs08164390",72148.3410424258,107814.31718355554,49421.09401750448
"2007-08","usgs08164390",10588.629451681125,15683.565100379135,7233.344807622837
"2007-09","usgs08164390",2636.705998729701,3916.864359206704,1797.0755693786905
"2007-10","usgs08164390",11761.395666228946,17976.329150356814,7671.37677099767
"2007-11","usgs08164390",7199.6128369359185,10641.480642808256,4915.390777987613
"2007-12","usgs08164390",866.9201232397551,1158.2709316762694,640.6481301376048
"2008-01","usgs08164390",2745.61090686908,3661.261485138056,2059.63075849166
"2008-02","usgs08164390",3838.756014692219,4970.608717154784,2943.952471082563
"2008-03","usgs08164390",6832.489134021116,9109.941498135811,5110.2438963415525
"2008-04","usgs08164390",938.4534150090046,1155.3749581380698,770.1593591170673
"2008-05","usgs08164390",247.14559739633535,323.97196087647427,189.21477765256006
"2008-06","usgs08164390",72.10446758604363,101.38468508568324,51.12018870519057
"2008-07","usgs08164390",67.19773090170091,96.91192018243034,46.06031581223685
"2008-08","usgs08164390",40.42960370906525,60.12136134312249,27.16021415298898
"2008-09","usgs08164390",821.8258314833695,1189.3864532369087,574.4974139769515
"2008-10","usgs08164390",28.58697357390715,43.62306431344888,18.538557759188066
"2008-11","usgs08164390",28.745280586841467,42.492525248838724,18.93696259607956
"2008-12","usgs08164390",36.87799776320481,54.23256294914737,24.915618896491615
"2009-01","usgs08164390",59.068001639112644,85.98177205241124,40.86554445972912
"2009-02","usgs08164390",66.71804417005255,95.97368210992855,46.81106301990458
"2009-03","usgs08164390",136.9216628795964,188.9350687297049,99.48978543802862
"2009-04","usgs08164390",64111.053581470944,90387.98186018055,45668.49658982449
"2009-05","usgs08164390",1048.3362983622524,1316.777760986353,838.588853940732
"2009-06","usgs08164390",60.12602471759638,84.70425971810705,42.784824689409184
"2009-07","usgs08164390",15.826513634361376,25.997311378147575,9.739546113932521
"2009-08","usgs08164390",9.147617157679989,14.384821172212689,5.793319747489992
"2009-09","usgs08164390",2722.8477154192233,3926.2542929289907,1889.7177473046613
"2009-10","usgs08164390",17704.98719699113,26185.116523127122,12004.062499283076
"2009-11","usgs08164390",3889.566566400659,5617.564569715774,2712.2902776196806
"2009-12","usgs08164390",13053.991928778156,18739.164749230662,9069.817841908962
"2010-01","usgs08164390",23009.843468120154,32175.741183455266,16262.634234021336
"2010-02","usgs08164390",17340.431429657467,24232.721598738543,12232.13961186889
"2010-03","usgs08164390",2616.207578470674,3255.1922689157523,2085.744950622325
"2010-04","usgs08164390",1233.6320853848945,1511.2086477802443,1011.4358260093696
"2010-05","usgs08164390",3540.6969756558874,4665.871555753936,2685.647295124487
"2010-06","usgs08164390",3062.179792914895,4233.675525798146,2252.5336924382996
"2010-07","usgs08164390",5187.896865539412,7297.130714611044,3718.0117272301227
"2010-08","usgs08164390",64.65376310654484,90.01752481560798,46.648986202801495
"2010-09","usgs08164390",6197.269245886015,8949.055534058343,4323.923469313611
"2010-10","usgs08164390",29.60206359159328,45.174198261538706,19.504325766414173
"2010-11","usgs08164390",35.472633229033924,52.453186613201986,23.88590914392332
"2010-12","usgs08164390",52.87139691509131,75.51290238445878,36.598963299013846
"2011-01","usgs08164390",2363.325603057317,3118.4518803425613,1803.9656985884285
"2011-02","usgs08164390",173.98746429643788,241.0086295596202,125.64045694108816
"2011-03","usgs08164390",150.1956721422982,210.45023221657368,108.5183270932485
"2011-04","usgs08164390",80.92135902830059,115.02573412993343,58.10433615514576
"2011-05","usgs08164390",60.6425432259122,87.8108819343892,41.80950504679463
"2011-06","usgs08164390",29.35319768421884,46.35555910767487,18.807904201576168
"2011-07","usgs08164390",1.0112980335866675,1.8591165604859459,0.5560881223136928
"2011-08","usgs08164390",0.006392059773096213,0.0122057103943499,0.0033507303791744255
"2011-09","usgs08164390",0.004573527160917855,0.008692060677246465,0.0023652767237655223
"2011-10","usgs08164390",0.004201151025749646,0.008080658239487207,0.0021486583391746427
"2011-11","usgs08164390",0.0045151457356722635,0.008522429824894356,0.0022689278652955145
"2011-12","usgs08164390",0.005944901738916253,0.011233218985260649,0.003049633503565626
"2012-01","usgs08164390",12104.30355214513,15045.616023936482,9781.12426797156
"2012-02","usgs08164390",11811.509663032517,15741.903020482589,8906.538652370104
"2012-03","usgs08164390",17504.22078386636,23612.16584030439,13044.755876996138
"2012-04","usgs08164390",321.17103861086264,412.56401951477176,252.52843302457876
"2012-05","usgs08164390",14949.375468069253,20622.558363317206,10986.764325789352
"2012-06","usgs08164390",95.89463237476357,130.09670808921516,70.88697843831395
"2012-07","usgs08164390",1796.515074172743,2602.31932825323,1232.115387778962
"2012-08","usgs08164390",0.3949845175418178,0.7443212050384892,0.21016086382055546
"2012-09","usgs08164390",924.4796048407433,1288.8334208847095,665.0423802789447
"2012-10","usgs08164390",240.67579598191227,355.8264360783753,161.8164637527597
"2012-11","usgs08164390",3.222134942203924,5.849455881014561,1.697909375572906
"2012-12","usgs08164390",2.4155178585339976,4.266270444675009,1.3290051227095285
"2013-01","usgs08164390",173.97387670370924,242.53765677240318,124.60439714619885
"2013-02","usgs08164390",17.017292588582094,27.686847029752368,10.608521731377687
"2013-03","usgs08164390",4.388098906091566,8.17390998714242,2.380352682590435
"2013-04","usgs08164390",14481.803379272675,19799.535731921587,10578.049358928658
"2013-05","usgs08164390",1110.4723997283245,1542.0382743679806,794.3270198780962
"2013-06","usgs08164390",100.44074479771506,152.59448887771774,66.23411441427022
"2013-07","usgs08164390",0.007914668531513909,0.01526966231244932,0.004110267250155522
"2013-08","usgs08164390",0.005611246019734523,0.010893683708141155,0.0029291084379653234
"2013-09","usgs08164390",120.63767807302735,189.35920671096892,76.09517207933101
"2013-10","usgs08164390",941.9976832136439,1323.2757995654024,673.6923939420159
"2013-11","usgs08164390",1652.0515942846478,2256.177601351353,1206.2848149495467
"2013-12","usgs08164390",0.47600199135028026,0.8954790327067782,0.2420064677841943
"2014-01","usgs08164390",352.18294435812936,492.4774637917716,248.8837545555472
"2014-02","usgs08164390",0.05275339867527735,0.10095871487017688,0.02774749513832726
"2014-03","usgs08164390",5422.018764698737,6949.587671051181,4272.042456928328
"2014-04","usgs08164390",23.16250070575287,35.14872705594957,15.202556397613332
"2014-05","usgs08164390",22770.444165728124,32551.220709967303,15921.452709318879
"2014-06","usgs08164390",9978.607257544365,14173.02937727049,7212.8831845133645
"2014-07","usgs08164390",63.571745234105116,93.03333961786957,43.94918278120313
"2014-08","usgs08164390",0.0051421508946766495,0.010069355963883087,0.0026772000972403952
"2014-09","usgs08164390",0.003681279045099862,0.007214963700593721,0.0018956058774371501
"2014-10","usgs08164390",0.0033710769642138418,0.006557339144078238,0.0017221767807264212
"2014-11","usgs08164390",470.4297272811861,601.2542795500331,363.7653489591055
"2014-12","usgs08164390",869.2328134476379,1073.7786812730478,698.9510375234776
"2015-01","usgs08164390",372.8940584493313,519.4186661611003,271.14416894866713
"2015-02","usgs08164390",13.845884084110176,22.020970349534874,8.690287144722804
"2015-03","usgs08164390",60322.67485931606,82141.23180622018,44975.06052909169
"2015-04","usgs08164390",31655.10833039035,43912.315480657715,22928.829925420956
"2015-05","usgs08164390",50805.96707076693,71590.16191519622,36046.017150135405
"2015-06","usgs08164390",76025.76867707337,109740.85269798018,52593.09266441849
"2015-07","usgs08164390",3305.072761155603,4721.337720725132,2338.1609369978028
"2015-08","usgs08164390",82.48119235713473,114.97281223215157,59.09975560086161
"2015-09","usgs08164390",88.30073240241356,132.7114551180175,60.04565267370891
"2015-10","usgs08164390",3611.383360049273,5210.609822928484,2488.945087526164
"2015-11","usgs08164390",2806.256320832954,4066.9643597687327,1965.2723332373557
"2015-12","usgs08164390",7674.001243771948,10618.163396915472,5507.757256259287
"2016-01","usgs08164390",3465.9077118221035,4895.149198632197,2463.472445539851
"2016-02","usgs08164390",3189.0026608565518,4322.3899023277445,2354.7672506797094
"2016-03","usgs08164390",19001.460927719414,26138.879851776772,13819.083434234482
"2016-04","usgs08164390",37857.69903181662,53443.855031903055,27195.406999714778
"2016-05","usgs08164390",25506.94783460053,35842.48888238696,18129.950006620045
"2016-06","usgs08164390",15463.135747253096,22216.393050116927,10731.569264735292
"2016-07","usgs08164390",264.6358906530885,359.6650554556537,195.9212787170757
"2016-08","usgs08164390",1161.7424890746122,1657.883838348632,826.9907830901717
"2016-09","usgs08164390",180.9721364232467,267.1033946832938,125.67784427530839
"2016-10","usgs08164390",16.806284008438038,26.666509805058226,10.895406544168456
"2016-11","usgs08164390",74.68448412995467,107.92904756153963,51.06029210315954
"2016-12","usgs08164390",1381.0588945390612,1921.1049031511598,1001.0711741701857
"2017-01","usgs08164390",7321.094253678818,10197.680099814961,5259.3833094338615
"2017-02","usgs08164390",9553.751614637387,13320.26361835528,6839.707713923391
"2017-03","usgs08164390",6170.8317380814215,8581.603771214874,4497.102702344748
"2017-04","usgs08164390",10229.893317659466,14433.22644564593,7339.549083166119
"2017-05","usgs08164390",462.2900702287515,604.092774603652,360.0541909145
"2017-06","usgs08164390",317.5450553832424,462.7460045033424,219.94100763611448
"2017-07","usgs08164390",52.61025104027367,76.92277037258621,35.918057635429165
"2017-08","usgs08164390",38389.48919967705,57819.59943332046,25546.797616328065
"2017-09","usgs08164390",5120.505116067455,7650.281843564886,3422.9064041149836
"2017-10","usgs08164390",378.371029911117,568.5385007665616,257.38784343285164
"2017-11","usgs08164390",108.34152031463903,157.87680804189634,74.6286888277301
"2017-12","usgs08164390",236.27179423888265,335.36513923837936,168.94539932437195
"2018-01","usgs08164390",237.86077463131485,331.78971777662025,173.25463405051795
"2018-02","usgs08164390",1017.5154854331151,1408.2429884296707,741.460101604427
"2018-03","usgs08164390",3559.4271033671257,5108.625677092824,2530.835206955776
"2018-04","usgs08164390",1095.534361524047,1465.5447512648993,828.7870711292184
"2018-05","usgs08164390",166.4470785197978,232.45906673404392,119.33703569700579
"2018-06","usgs08164390",10773.32901104411,16684.60340133933,6969.3802690028515
"2018-07","usgs08164390",29.68081671527721,44.92372909004095,19.69528563474646
"2018-08","usgs08164390",3.573411889752426,6.449412898276236,2.0002651347454576
"2018-09","usgs08164390",477.95532829778284,750.2939682147664,310.7241908536356
"2018-10","usgs08164390",4027.571477929577,6330.837930197352,2620.883331134506
"2018-11","usgs08164390",2612.174343992523,4100.806041432546,1710.895014549351
"2018-12","usgs08164390",12411.649636449545,18880.94040637238,8186.489938155817
"2019-01","usgs08164390",3863.4233888448102,5803.952829505566,2587.5193089227605
"2019-02","usgs08164390",4941.208282242555,7274.856893454529,3442.3549148541824
"2019-03","usgs08164390",1588.9383574459769,2228.898827881691,1147.9691911464852
"2019-04","usgs08164390",1193.3891410866954,1676.5118465853598,855.9385262671608
"2019-05","usgs08164390",8119.0203148256405,11909.612303903667,5526.675118701299
"2019-06","usgs08164390",4254.406189694497,6219.138022255754,2871.8603450949595
"2019-07","usgs08164390",233.80951363368143,337.7022315926488,161.62394700786444
"2019-08","usgs08164390",15.483232705752723,24.6995736651926,9.923685131483271
"2019-09","usgs08164390",6.384960003282489,11.086217975619464,3.7330997545414064
"2019-10","usgs08164390",214.91696553382394,325.35354556573697,140.9490051737865
"2019-11","usgs08164390",212.02404668042527,326.8720234474176,136.47564262124587
"2019-12","usgs08164390",48.18588378379279,75.9560681516292,30.74179795392327
"2020-01","usgs08164390",80.87969224007902,125.9632164723259,53.225679068334834
"2020-02","usgs08164390",64.0134980504105,100.46091129614867,41.93527893402213
"2020-03","usgs08164390",298.2614692074917,450.14862988622974,202.6713914704991
"2020-04","usgs08164390",9210.180004128453,14225.569632764786,6160.284934013959
"2020-05","usgs08164390",976.1469415454413,1456.6707566431899,663.9046490100694
"2020-06","usgs08164390",1114.4512269449576,1768.615437478884,694.729406536683
"2020-07","usgs08164390",67.16486685182873,104.10076083626959,43.765508126106376
"2020-08","usgs08164390",2.020339965843694,3.5600302350044304,1.1610766962344918
"2020-09","usgs08164390",2248.9958608439188,3557.221883847798,1411.3652894515742
"2020-10","usgs08164390",4.722850865628176,7.856296638856407,2.841942361726144
"2020-11","usgs08164390",39.843306644772795,62.26639259673464,25.85014028184364
"2020-12","usgs08164390",458.43255013727384,688.3529104129537,306.71946811870333
"2005-01","usgs08164450",2619.297936299677,4580.4486052131615,1490.623512945022
"2005-02","usgs08164450",24557.240486554907,40694.07870777753,14771.6258155022
"2005-03","usgs08164450",12403.324866577412,26301.70387151666,5983.130895611774
"2005-04","usgs08164450",979.663898646255,1453.8941061450234,659.3450636686775
"2005-05","usgs08164450",20648.759704340107,36018.542957793514,11808.700916232736
"2005-06","usgs08164450",4089.4835487374985,6713.237997355976,2471.8058723745753
"2005-07","usgs08164450",5704.492381726721,10146.1891772765,3204.156647394296
"2005-08","usgs08164450",361.92976576180064,575.9786928091412,230.26422953357428
"2005-09","usgs08164450",556.0499480130302,845.6873645480114,366.32367915107767
"2005-10","usgs08164450",2267.3261943400785,3927.438963821895,1270.4290860963156
"2005-11","usgs08164450",503.8178876197073,809.7973050781756,313.63722746865596
"2005-12","usgs08164450",58.352783957886764,95.36855973246531,35.611226991581205
"2006-01","usgs08164450",0.35990791185212945,1.2140270062415308,0.1148957980117421
"2006-02","usgs08164450",0.8806560570210036,2.7680942549761403,0.2938679162569301
"2006-03","usgs08164450",1.3702029542307579,4.441887744562786,0.459653057920232
"2006-04","usgs08164450",13.001740608086136,33.177092222070286,5.405783654897422
"2006-05","usgs08164450",81.32128140392184,261.0238401604272,29.101521425255456
"2006-06","usgs08164450",1103.1878885937406,1773.1937957985324,703.7198152836705
"2006-07","usgs08164450",4109.339302870066,6597.2566418096285,2577.5900761712915
"2006-08","usgs08164450",131.08305113541564,202.96458422327365,85.36048454859568
"2006-09","usgs08164450",2019.8383397305647,3202.2568759394276,1283.6889112315864
"2006-10","usgs08164450",2504.642066662286,4556.221510384472,1417.3338753771166
"2006-11","usgs08164450",11.06857000894262,19.099045664643988,6.441501327096846
"2006-12","usgs08164450",0.28153452385192873,0.9032663301293163,0.09166947160685683
"2007-01","usgs08164450",12234.78040290585,20178.818599705577,7644.967419833771
"2007-02","usgs08164450",701.1594885992514,1194.1481236396303,410.71416221001004
"2007-03","usgs08164450",15857.30864946728,27438.13020993514,9286.473528266626
"2007-04","usgs08164450",3876.0822409145094,6657.824779740245,2258.0004004247467
"2007-05","usgs08164450",8267.426146381958,15017.106991376048,4555.331163080412
"2007-06","usgs08164450",410.63055418230323,720.5130194688429,235.1308890283093
"2007-07","usgs08164450",5185.625355831741,10761.515882839876,2559.4897737463793
"2007-08","usgs08164450",1337.4974529671788,2979.841471727042,621.9961366089426
"2007-09","usgs08164450",1062.6113972607848,2348.37891783146,493.81566863225225
"2007-10","usgs08164450",1607.6467007694998,2981.2120005907746,873.3514976258223
"2007-11","usgs08164450",248.46734028042496,391.2256957430695,157.43424814340486
"2007-12","usgs08164450",38.165027474580995,69.19316164567607,21.422539130714643
"2008-01","usgs08164450",1893.7348809730317,3176.2236615174647,1153.5719468381344
"2008-02","usgs08164450",2929.021692438243,4753.2626401399075,1809.3372949264583
"2008-03","usgs08164450",2034.618924311649,3257.005521993804,1277.8997024951284
"2008-04","usgs08164450",172.93529535974946,251.80283836170568,118.49822881132148
"2008-05","usgs08164450",24.294166433201795,42.18541990083442,14.05344542643549
"2008-06","usgs08164450",5.880426157803921,12.115891268301466,2.940292089458368
"2008-07","usgs08164450",240.55199406598686,411.4635413653628,140.7823698195189
"2008-08","usgs08164450",255.2087698370701,395.7312318659467,165.85541708631283
"2008-09","usgs08164450",1610.346287694535,2796.5659120979367,928.0811844755964
"2008-10","usgs08164450",340.47215299977427,546.4944204199546,210.7573096723514
"2008-11","usgs08164450",14.698180026023831,26.228126307703526,8.052201192260837
"2008-12","usgs08164450",0.006376438547934884,0.02247890298440178,0.0020283101363043404
"2009-01","usgs08164450",0.0005687801340421482,0.0021102228766878006,0.0001646616749538267
"2009-02","usgs08164450",0.0004958792622934764,0.001787945846458754,0.00014979883133002845
"2009-03","usgs08164450",0.01808433591508285,0.06594332221516731,0.00533030628721704
"2009-04","usgs08164450",982.9594890544271,2852.7654413578944,371.9796552550286
"2009-05","usgs08164450",91.70817218452545,155.1387548928256,53.373747470780486
"2009-06","usgs08164450",3.904143433798466,7.7926066832210505,1.9661510391842356
"2009-07","usgs08164450",107.10110620016718,194.91419499002993,57.72006333789157
"2009-08","usgs08164450",599.952046526657,1083.208755731723,328.51353133159745
"2009-09","usgs08164450",565.9277503755939,1043.340491797557,293.74271304701136
"2009-10","usgs08164450",3695.973256150998,7511.214005036634,1774.5670335564394
"2009-11","usgs08164450",798.6809224254104,1426.7123390232018,447.3679827736482
"2009-12","usgs08164450",2793.834255751238,4839.642997239957,1628.5314953236546
"2010-01","usgs08164450",5859.573789453348,10522.082608594052,3239.353900578278
"2010-02","usgs08164450",2397.4364239065653,4442.281633578203,1250.0569140924028
"2010-03","usgs08164450",365.8226350016491,623.2689386075425,214.208063973274
"2010-04","usgs08164450",80.5066349338734,125.97647093222648,51.519014852278204
"2010-05","usgs08164450",1552.1882296050223,2626.9137856021507,906.3355324210145
"2010-06","usgs08164450",125.32293129095258,203.94113127407056,78.20883771691722
"2010-07","usgs08164450",2920.7620367936925,5025.195029044164,1668.413489975675
"2010-08","usgs08164450",227.60927070161813,370.61158323445676,142.25648847116398
"2010-09","usgs08164450",2833.404242535749,5265.67001339676,1521.9019654918243
"2010-10","usgs08164450",199.893190125851,324.4913595459921,123.68698781943701
"2010-11","usgs08164450",62.41048744878891,100.74760572876389,39.035091506435364
"2010-12","usgs08164450",73.4066071757704,109.7234460724706,47.77639738708341
"2011-01","usgs08164450",144.11512015461824,240.3763154986827,86.27719624187257
"2011-02","usgs08164450",37.252186965080945,59.979840828256016,22.679772677195345
"2011-03","usgs08164450",0.3430015058995115,0.9552922867515791,0.132169837358689
"2011-04","usgs08164450",15.798575980639193,38.17879771752827,6.993102874777515
"2011-05","usgs08164450",271.1394252685438,393.2348715319134,191.7329859588268
"2011-06","usgs08164450",1144.2013449009733,1804.9156229099099,731.6425545093558
"2011-07","usgs08164450",512.6706446839122,712.4409480053661,370.8516023722711
"2011-08","usgs08164450",26.990694789288828,44.868329450615065,16.08584739186256
"2011-09","usgs08164450",4.204438672616691,10.582426476851815,1.7383642962334556
"2011-10","usgs08164450",342.0472382622768,524.6910748433567,225.3016929919184
"2011-11","usgs08164450",184.88647048830398,283.91378650168593,124.68473720559307
"2011-12","usgs08164450",96.42715686357664,144.12104998068475,66.3008483030013
"2012-01","usgs08164450",4867.380406001063,7353.312295533843,3312.454212157025
"2012-02","usgs08164450",4346.578092218862,7538.767735741811,2617.590663611959
"2012-03","usgs08164450",9296.283654864317,16162.245184714624,5530.932836281014
"2012-04","usgs08164450",287.9071439601961,392.16741565327703,213.2865890076938
"2012-05","usgs08164450",389.3012096630016,501.3274502595968,300.4324270576152
"2012-06","usgs08164450",549.7571305588368,770.4905059976663,398.5234558142243
"2012-07","usgs08164450",6453.477384698999,11153.809429995055,3814.509141135172
"2012-08","usgs08164450",375.6073236112935,570.2380773157997,252.04031521119356
"2012-09","usgs08164450",860.77834249411,1554.4195984152734,477.56966380994095
"2012-10","usgs08164450",1301.65864608762,2406.331273364746,714.6911183514836
"2012-11","usgs08164450",122.26725255147113,208.65260018797773,71.21795809116196
"2012-12","usgs08164450",21.05401447366124,36.40945101441106,11.963348199632273
"2013-01","usgs08164450",151.1033074881231,350.1974633646107,71.13095013718696
"2013-02","usgs08164450",34.642945113191146,57.1975080501663,20.458237999616763
"2013-03","usgs08164450",0.06111916538702074,0.21926957704295622,0.017922871284597797
"2013-04","usgs08164450",9825.323335248711,16304.425723111286,6372.426980912467
"2013-05","usgs08164450",2316.093965089555,3419.1528463614322,1573.9594805472404
"2013-06","usgs08164450",248.09591348978373,338.0579330743063,182.42930012509964
"2013-07","usgs08164450",311.9043226376169,474.76193397883833,210.2088056577458
"2013-08","usgs08164450",47.117177404360085,72.75057326694487,30.564174455155445
"2013-09","usgs08164450",95.06103279273408,168.0171894876013,56.07576984279083
"2013-10","usgs08164450",656.9450598368542,955.4678018855749,451.24181028717624
"2013-11","usgs08164450",542.9556570294932,837.4800804944603,362.4506953977007
"2013-12","usgs08164450",10.559446760006585,18.141069637766105,6.32735851991484
"2014-01","usgs08164450",102.509271361776,183.28095206644,60.946373013785355
"2014-02","usgs08164450",25.01404071781694,40.259720282984304,15.6694055658479
"2014-03","usgs08164450",1682.6237572790214,2425.339018755362,1188.3243678331503
"2014-04","usgs08164450",17.49593296212328,35.3957733123527,8.805923797443096
"2014-05","usgs08164450",18205.054946615368,29348.50684345743,11708.998306450945
"2014-06","usgs08164450",4443.7718345638,7571.585041168053,2642.7075438736483
"2014-07","usgs08164450",368.38027751845317,528.1042115776365,261.91603660153163
"2014-08","usgs08164450",118.78232797896031,170.7466769132202,81.71373575829236
"2014-09","usgs08164450",251.65906990991922,380.33190465294194,166.9623088055299
"2014-10","usgs08164450",176.9966164776771,253.2470669574676,122.96942620280248
"2014-11","usgs08164450",283.94581065919704,421.32156919330765,192.8025439850811
"2014-12","usgs08164450",272.3748014062328,409.96898808361584,187.60814481626767
"2015-01","usgs08164450",1251.5162597160297,1919.7434059967443,823.6443264348246
"2015-02","usgs08164450",109.67365071176445,177.26580714976419,69.27592198922271
"2015-03","usgs08164450",55483.7998667635,94354.68211234332,33905.30399088763
"2015-04","usgs08164450",18793.03757162923,32314.166479034142,10954.254696359005
"2015-05","usgs08164450",4763.3201089524355,8703.74411686995,2686.218276636295
"2015-06","usgs08164450",13096.178717288536,25964.43390042279,6889.8957734822
"2015-07","usgs08164450",196.14251825761067,369.71668643498515,105.98703778952742
"2015-08","usgs08164450",162.0958862157037,259.70411466053343,100.29042513322968
"2015-09","usgs08164450",325.6813697872902,564.390864354448,191.48969073703478
"2015-10","usgs08164450",2796.3334829099053,5416.966092606521,1468.7503806939908
"2015-11","usgs08164450",610.803658603587,1113.6750219396029,337.53454663323953
"2015-12","usgs08164450",2410.132240790964,4157.245014686007,1396.858580440402
"2016-01","usgs08164450",1569.7377473140964,2556.693802267687,974.8354055264957
"2016-02","usgs08164450",1844.779904944158,2836.309464388279,1181.1868543139076
"2016-03","usgs08164450",31347.32994628849,52886.90653458453,18100.007258877813
"2016-04","usgs08164450",60054.9923692141,104110.07411186356,34287.961069913734
"2016-05","usgs08164450",8136.738470095861,14153.139941307,4604.716260415777
"2016-06","usgs08164450",4632.82754894987,8904.076024294865,2511.8828290614492
"2016-07","usgs08164450",649.1973198139511,1035.4295120540285,411.860188796347
"2016-08","usgs08164450",2510.481014872367,4550.860727668196,1411.7857600854893
"2016-09","usgs08164450",456.79084979989625,786.4399296925299,269.5829990907956
"2016-10","usgs08164450",138.69201343685626,215.9482207062396,88.38449955040743
"2016-11","usgs08164450",285.96346748986247,443.54702436848646,188.51358291677735
"2016-12","usgs08164450",1105.5135299930919,1911.3212186407366,634.7861680889898
"2017-01","usgs08164450",3101.9873398231266,5699.2150490742115,1712.9598534340173
"2017-02","usgs08164450",4792.057335638277,9146.878617697601,2568.0342592215893
"2017-03","usgs08164450",2157.7242107396864,3954.128119703463,1205.6783954919756
"2017-04","usgs08164450",3642.0074913254543,6987.033698563117,1938.9978934092396
"2017-05","usgs08164450",144.502105140752,231.74721311925822,90.77417816458279
"2017-06","usgs08164450",323.6976433731953,547.0248386801889,194.93385689150455
"2017-07","usgs08164450",216.75419119795436,358.983854659595,134.0011535176334
"2017-08","usgs08164450",22628.047023215036,42950.81785878711,12211.600478072525
"2017-09","usgs08164450",1362.237242263226,2614.565698650212,733.3692069457738
"2017-10","usgs08164450",137.21553147491832,236.98815531510138,78.68633755778515
"2017-11","usgs08164450",30.222672138587424,52.73112515477488,16.924316005188103
"2017-12","usgs08164450",15.661158148700116,30.931909131046567,7.7137686707525965
"2018-01","usgs08164450",1.1758692138645235,3.729430440117592,0.4108676401545205
"2018-02","usgs08164450",367.7138622856789,598.5501279666224,226.45985407042667
"2018-03","usgs08164450",156.6636840287929,237.2529427588445,104.53536616039285
"2018-04","usgs08164450",430.8071686269911,556.5396910967693,332.6742115592601
"2018-05","usgs08164450",28.151859963230155,51.844890618845476,15.909654674234444
"2018-06","usgs08164450",5107.95551706345,7955.845986324866,3416.1177579635587
"2018-07","usgs08164450",1300.9004310793373,1898.5938857601877,906.5113626128411
"2018-08","usgs08164450",610.0892223647393,892.4908308480699,423.7655707043764
"2018-09","usgs08164450",1029.2939825280084,1605.4753245924496,664.1394616758282
"2018-10","usgs08164450",2539.3797297563938,4603.862212372437,1430.4351270095715
"2018-11","usgs08164450",2043.4434519059623,3998.971761893472,1047.6588273860884
"2018-12","usgs08164450",6095.9240920041475,10658.81771519094,3459.6535294983823
"2019-01","usgs08164450",1218.7593233640794,2133.00267087997,697.6115392231018
"2019-02","usgs08164450",2303.654218842635,4575.767071630716,1205.9651992501376
"2019-03","usgs08164450",1087.3232352298187,2079.8356888043418,589.2393053142439
"2019-04","usgs08164450",95.3329657964149,140.46149411884414,64.18520211868328
"2019-05","usgs08164450",4911.280443577955,8376.628015448503,2878.302082928911
"2019-06","usgs08164450",1251.3106392881793,1876.113116541789,846.1528159109516
"2019-07","usgs08164450",262.1562462215103,405.3323823341574,172.163366952108
"2019-08","usgs08164450",120.1877888229808,182.96313095034637,79.05940818353714
"2019-09","usgs08164450",118.53447076155797,197.59401720896008,71.05123049735734
"2019-10","usgs08164450",137.42348740472423,233.07930571395363,80.85136050512057
"2019-11","usgs08164450",380.819557584757,670.9358854472091,215.66946235097706
"2019-12","usgs08164450",14.469827805953512,25.758043795742655,7.959658539475367
"2020-01","usgs08164450",6.571541554046268,20.66160244867351,2.2159859147645977
"2020-02","usgs08164450",3.599851097169532,9.914093042667465,1.3584337901006207
"2020-03","usgs08164450",102.94388909105365,214.4572273538078,57.021536722530854
"2020-04","usgs08164450",6417.532373142749,9976.657550690366,4309.128589782972
"2020-05","usgs08164450",1760.7202943939742,2780.1129119105594,1154.480917116228
"2020-06","usgs08164450",11583.590166573636,19180.34698595522,7230.801229654347
"2020-07","usgs08164450",752.5620825686437,1160.6058887444838,509.16154726500963
"2020-08","usgs08164450",113.34112455924544,169.58403305247842,78.0177496694728
"2020-09","usgs08164450",6837.571180841978,11394.354739130382,4288.3517782198605
"2020-10","usgs08164450",277.6139404787919,430.0230110212805,181.86309346333618
"2020-11","usgs08164450",1301.8651389439874,1936.0502531423306,896.9898465657807
"2020-12","usgs08164450",1934.2032289404513,3005.4508807374623,1290.670322885594
"2005-01","usgs08164503",1303.6618706077732,2004.3363313771456,843.9876302703875
"2005-02","usgs08164503",116798.45181710018,185995.57532907213,74929.78168956153
"2005-03","usgs08164503",59341.955363110224,101610.71779319902,35702.478525582956
"2005-04","usgs08164503",1903.3663498405472,2765.4871059562943,1320.8948807327065
"2005-05","usgs08164503",26842.587009562532,41170.904990526666,17780.796808612296
"2005-06","usgs08164503",3790.270079263594,5998.920086526707,2352.5487743937083
"2005-07","usgs08164503",7426.79951993553,12559.448560996601,4141.093359133495
"2005-08","usgs08164503",579.7005903632416,1032.5129161500813,313.9228575525162
"2005-09","usgs08164503",158.81373972963593,284.40386918207236,84.22443061899044
"2005-10","usgs08164503",2316.685512562346,4085.047189328267,1345.0161565533604
"2005-11","usgs08164503",13695.343635584199,24503.68263966718,7901.088896673604
"2005-12","usgs08164503",1872.3694793421614,2801.742644323034,1247.3015535502288
"2006-01","usgs08164503",167.23180388563844,248.92647693621353,107.42457139870373
"2006-02","usgs08164503",473.3639528660089,701.6661709929741,317.33098931872286
"2006-03","usgs08164503",625.2771521149517,944.1712463655025,430.47544290090565
"2006-04","usgs08164503",777.7510984840495,1147.6761405152847,539.8743063077291
"2006-05","usgs08164503",21960.727914150993,37343.1547381499,12559.274618718162
"2006-06","usgs08164503",9732.531196522172,16269.546073189627,5672.246215963493
"2006-07","usgs08164503",3559.721689634774,6069.576203651437,2035.681914082596
"2006-08","usgs08164503",70.07186086002106,123.58229323145486,38.79159806156206
"2006-09","usgs08164503",3728.5126045073357,6677.700896496341,2104.5617535479987
"2006-10","usgs08164503",7301.052990454724,13626.886787088672,4041.124661751725
"2006-11","usgs08164503",77.84490776511471,132.48782384021942,46.581159480720295
"2006-12","usgs08164503",7785.808885204591,12713.47605383384,4902.116079252272
"2007-01","usgs08164503",86691.01781360364,139779.730048308,53021.883846096
"2007-02","usgs08164503",2023.9465509208528,3363.361655354391,1207.1387633413717
"2007-03","usgs08164503",48666.82491410809,79716.07249767864,29366.21347774207
"2007-04","usgs08164503",22379.214139718955,35530.06927249837,13991.704583458288
"2007-05","usgs08164503",22703.22925928494,34257.44047901565,14459.999971347344
"2007-06","usgs08164503",758.8904811427923,1147.7567564279886,481.42051647229647
"2007-07","usgs08164503",53980.75265324987,94043.81834315966,29953.05549313171
"2007-08","usgs08164503",5749.42499258851,10422.086085936084,3111.667416332914
"2007-09","usgs08164503",5348.325516012852,9889.745662944893,2819.543744945543
"2007-10","usgs08164503",1499.6161756629979,2573.866727757594,866.9273199646034
"2007-11","usgs08164503",2156.0602405264476,3350.247930829136,1378.399223855931
"2007-12","usgs08164503",644.944244638288,976.9867832804056,403.10860701195236
"2008-01","usgs08164503",25994.056248402703,36173.94945422836,18826.498879475064
"2008-02","usgs08164503",26218.707439351365,37911.51728297687,18022.58643773135
"2008-03","usgs08164503",20506.14716410207,29686.650931167915,14163.569977167646
"2008-04","usgs08164503",1236.4257268716854,1698.4124513809465,903.4719746943557
"2008-05","usgs08164503",233.77036993591133,325.872086182429,161.43834780405618
"2008-06","usgs08164503",89.55310607206629,146.63182160748158,53.63233284407858
"2008-07","usgs08164503",517.4230070789727,850.5724715532684,300.19839318238223
"2008-08","usgs08164503",1773.6748027868093,3206.3968514787184,940.9107020656332
"2008-09","usgs08164503",5202.6615117558285,9627.825318320947,2794.794472294238
"2008-10","usgs08164503",161.35603267466968,290.2166733946823,91.94539482840172
"2008-11","usgs08164503",20.006441448182255,32.38320000006768,12.606879487741665
"2008-12","usgs08164503",0.9357413658674446,1.797540665762981,0.48269822168267995
"2009-01","usgs08164503",0.01096773005098912,0.02426832643979272,0.004868527099096691
"2009-02","usgs08164503",0.015961994892591792,0.03527560614648343,0.007149943570311122
"2009-03","usgs08164503",218.99271097047242,367.9838943455587,131.23429262540543
"2009-04","usgs08164503",37465.697624908265,50426.99313668377,28198.590929354043
"2009-05","usgs08164503",346.98778545832533,551.7413405943481,216.6365236002227
"2009-06","usgs08164503",46.589865563928925,80.21389794749783,25.91138012021628
"2009-07","usgs08164503",120.38242990457334,218.1555128996514,62.734278191811015
"2009-08","usgs08164503",461.78779864650517,798.3842033861223,266.43858266514735
"2009-09","usgs08164503",2674.5992771239207,4465.613067846876,1595.9468495688411
"2009-10","usgs08164503",9384.752009933622,16455.23337777206,5469.290008154428
"2009-11","usgs08164503",6387.336863145951,9915.739194135103,3999.1378027028986
"2009-12","usgs08164503",21749.02346628451,35197.551159001676,13325.658188834903
"2010-01","usgs08164503",24464.285555399238,38263.08932664495,15627.719577504035
"2010-02","usgs08164503",12963.169297954424,19370.425625370062,8661.023500996245
"2010-03","usgs08164503",434.3306002035089,619.8303575802546,295.51129224007974
"2010-04","usgs08164503",309.7468809478204,430.31528392015923,215.7552041583494
"2010-05","usgs08164503",30826.406171879164,50740.759934704714,18854.76506698669
"2010-06","usgs08164503",1627.0041431801387,2371.933644608917,1079.9884009936843
"2010-07","usgs08164503",18367.45205165078,31400.25057674348,10206.023799995228
"2010-08","usgs08164503",180.31334127196678,329.4272781843105,92.85427921727654
"2010-09","usgs08164503",6673.1126334966975,11488.832290135453,3732.3391299840605
"2010-10","usgs08164503",117.10176007640855,213.13636757990554,61.017749973850584
"2010-11","usgs08164503",90.19244375316093,143.52303503541478,55.460410052627154
"2010-12","usgs08164503",98.36014059794017,147.62463441675305,63.27707627129981
"2011-01","usgs08164503",1910.090050618432,2632.733691020302,1385.387729540097
"2011-02","usgs08164503",61.928387960975854,89.94655921738699,42.56346610624742
"2011-03","usgs08164503",14.148494470131762,22.94021544834988,8.574496505861822
"2011-04","usgs08164503",446.82082901641616,637.069408503323,312.13199118313
"2011-05","usgs08164503",576.3162459233794,874.4970561867073,385.73285236411874
"2011-06","usgs08164503",180.3098690624743,297.3055189020431,108.53807629539281
"2011-07","usgs08164503",242.79861119438945,399.51470329426826,139.607496854616
"2011-08","usgs08164503",60.11592999551588,98.11670854751287,35.00413389269817
"2011-09","usgs08164503",55.66209351166911,90.0834286289686,33.552152503781784
"2011-10","usgs08164503",344.077887302208,544.2750801398396,221.31815269561113
"2011-11","usgs08164503",0.400075867654632,0.771759527286974,0.19296078539041503
"2011-12","usgs08164503",7.9205759233792055,13.520929899997777,4.482188664701841
"2012-01","usgs08164503",9159.432177404473,11594.827804334269,7336.2785279989475
"2012-02","usgs08164503",17354.494221064546,25577.21845178814,11690.607640679784
"2012-03","usgs08164503",33075.72564977191,50358.828119869126,22499.431010114473
"2012-04","usgs08164503",5411.152777626129,7978.727551676125,3760.277839851736
"2012-05","usgs08164503",959.3297846551626,1368.2057355257396,678.4038742263451
"2012-06","usgs08164503",800.8084845977241,1229.2403585911331,525.7700932065597
"2012-07","usgs08164503",21893.349510766966,37742.55062718288,12253.406826210108
"2012-08","usgs08164503",90.00866329576615,150.3274998730393,49.89583325870185
"2012-09","usgs08164503",1416.7746091914587,2390.1628922549476,827.7617113125305
"2012-10","usgs08164503",949.4694286424523,1702.6689797075367,522.8885779806542
"2012-11","usgs08164503",34.670802633525916,57.734045327980816,21.008040368792354
"2012-12","usgs08164503",654.2091287663472,985.5244733328511,455.8924648101445
"2013-01","usgs08164503",23931.95373710805,38314.9302599818,15418.397056898846
"2013-02","usgs08164503",268.8432003185042,367.69574801047185,198.7844724863193
"2013-03","usgs08164503",63.06589252876991,99.04105579622315,39.8531939216942
"2013-04","usgs08164503",38629.24133095063,62934.761612919,23738.30968076884
"2013-05","usgs08164503",5036.5722617817755,8162.926576739976,3168.6380067724745
"2013-06","usgs08164503",131.28216900667664,200.90100495600345,84.26304228541142
"2013-07","usgs08164503",290.7845377441883,468.2703579181165,173.94760627335427
"2013-08","usgs08164503",141.0075258487809,222.2037299467963,86.26352522221298
"2013-09","usgs08164503",1151.4251902130675,1724.1865131114557,771.769146946859
"2013-10","usgs08164503",1129.7618184736482,1676.7455623911633,785.896579287898
"2013-11","usgs08164503",1571.5343737688038,2343.483368045137,1058.2623065034022
"2013-12","usgs08164503",6.160179877206036,9.941198244118095,3.8298378231571992
"2014-01","usgs08164503",7858.527474623389,11777.68942974966,5423.8081608635
"2014-02","usgs08164503",83.02836816546765,132.0898288828134,52.7220375753423
"2014-03","usgs08164503",4095.9503681058477,6462.051210379944,2689.0038217015785
"2014-04","usgs08164503",136.88325986729487,217.24224786625248,87.90497991772976
"2014-05","usgs08164503",86152.21370557495,128726.22408431364,57633.02792441322
"2014-06","usgs08164503",9641.404299926111,15141.518188979844,6137.241338220643
"2014-07","usgs08164503",510.0743542480091,840.5150783215665,303.0006170205841
"2014-08","usgs08164503",116.76259311601845,188.40979111120507,67.13800017215827
"2014-09","usgs08164503",470.04766053552083,750.4326495248563,294.4996005567399
"2014-10","usgs08164503",107.94697174479984,186.33956299803785,62.38190658278811
"2014-11","usgs08164503",289.7833970973,450.85345101538337,188.07983385502558
"2014-12","usgs08164503",4530.214811686059,6905.756014410353,2963.2928051798385
"2015-01","usgs08164503",7357.99909582907,11483.012458309617,4844.037858267436
"2015-02","usgs08164503",38.172554870712965,56.805840001642714,25.868692997406068
"2015-03","usgs08164503",87998.64745748804,147212.85676058172,54967.15763141851
"2015-04","usgs08164503",40625.65516632907,62051.15925887439,27066.01487473129
"2015-05","usgs08164503",9970.652099640876,14846.799701515107,6643.846343023388
"2015-06","usgs08164503",43984.68026078965,70231.1337996301,26514.198196162997
"2015-07","usgs08164503",99.00176117298369,172.0590988930283,53.440807822883485
"2015-08","usgs08164503",196.23368970712508,314.31666362099054,116.66382724133226
"2015-09","usgs08164503",1052.424348680551,1829.8189205664276,595.1808053306096
"2015-10","usgs08164503",7689.5971788165525,13608.534505177877,4306.04278820529
"2015-11","usgs08164503",597.7934674329318,939.9996911007046,380.0006849888368
"2015-12","usgs08164503",923.5582071985563,1334.2460841312577,643.4993850527948
"2016-01","usgs08164503",3073.985373111358,4526.4829630275535,2094.2442718027564
"2016-02","usgs08164503",284.1644471039494,433.53656724351436,187.54648624013223
"2016-03","usgs08164503",31362.682321440483,51274.71544456419,19576.635171286875
"2016-04","usgs08164503",15628.359357893212,25057.63414411129,9865.339298488581
"2016-05","usgs08164503",8573.334406884762,13415.491121677556,5370.80318614436
"2016-06","usgs08164503",6661.180260980149,11439.197169735808,3862.5958713502328
"2016-07","usgs08164503",425.323124140891,710.8351441456371,242.2704368328436
"2016-08","usgs08164503",3551.359475743808,6130.577533748419,1999.607989918404
"2016-09","usgs08164503",875.759390403183,1569.429015580415,494.32442292364726
"2016-10","usgs08164503",75.54320931734594,136.52414708780822,41.58234207590445
"2016-11","usgs08164503",277.22182142455983,453.6915500334587,173.56880881346203
"2016-12","usgs08164503",6283.964028704034,10616.74440444881,3744.7973591132377
"2017-01","usgs08164503",56668.03579501403,94239.0212111301,34383.99689087875
"2017-02","usgs08164503",28558.849546974612,43648.08166881699,19130.3018895137
"2017-03","usgs08164503",54293.09393978888,86533.00024926415,35431.473607582535
"2017-04","usgs08164503",40118.380651099265,63386.414904380785,26143.766805182408
"2017-05","usgs08164503",3833.301448262855,5894.482713076473,2447.537995317269
"2017-06","usgs08164503",739.5578405176124,1154.5598647848847,460.18571176820745
"2017-07","usgs08164503",244.85590671471516,402.55827130311917,137.7530367484975
"2017-08","usgs08164503",9210.765550280526,16051.782644653298,5173.23669018696
"2017-09","usgs08164503",2205.2807021646413,3952.257561950112,1215.0155052139266
"2017-10","usgs08164503",79.22216317874582,141.07448645038147,43.61169698709094
"2017-11","usgs08164503",29.05840013741822,48.60639929775424,17.39744464673951
"2017-12","usgs08164503",482.94327088209275,740.6790907592979,305.9115208866858
"2018-01","usgs08164503",747.4528800923307,1151.9668970227833,477.86330885373474
"2018-02","usgs08164503",730.3535044542278,1115.9596011490933,468.6796351804043
"2018-03","usgs08164503",630.1275514231232,944.8458560931703,425.36344685793244
"2018-04","usgs08164503",369.11393595693147,504.0813455940964,271.6174983651063
"2018-05","usgs08164503",243.73274318040197,338.4827576492153,176.80059071209868
"2018-06","usgs08164503",5618.273118812338,9901.073040579862,3201.4908447451608
"2018-07","usgs08164503",611.5192152612879,1019.8152237995769,372.176003952202
"2018-08","usgs08164503",80.99215578162065,138.4929533491311,45.81243817139193
"2018-09","usgs08164503",1841.8685138816206,3018.737190314726,1121.8692973597163
"2018-10","usgs08164503",1558.7178920290276,2625.2463155497203,935.1909947465482
"2018-11","usgs08164503",3118.3906453697373,5363.98576250083,1826.5366703427765
"2018-12","usgs08164503",18950.10223271859,30786.38361841897,11646.283451585125
"2019-01","usgs08164503",7948.12712369808,12190.416984836631,5326.79553021844
"2019-02","usgs08164503",14068.453684689943,22594.797682467735,8913.297441703517
"2019-03","usgs08164503",8372.203771788516,13274.230490711952,5439.947489197924
"2019-04","usgs08164503",98.06601580311614,142.13318216388308,67.85419893474229
"2019-05","usgs08164503",25276.960039278547,40280.10428828788,16038.090906056934
"2019-06","usgs08164503",8105.928669518879,12775.448551931853,5018.169428378726
"2019-07","usgs08164503",231.8529942726933,382.4643196600275,134.74611558556347
"2019-08","usgs08164503",97.0752942663389,165.85410822277666,53.992102390488334
"2019-09","usgs08164503",450.06857270780836,732.4107713787537,279.17324121411355
"2019-10","usgs08164503",180.51401811170876,316.8874209099097,105.346491524291
"2019-11","usgs08164503",433.7081102776718,691.788685659122,280.7341441016144
"2019-12","usgs08164503",5.488042046957528,9.755752241643837,3.0474747029889198
"2020-01","usgs08164503",470.2100509135108,715.499377164322,317.56729162260746
"2020-02","usgs08164503",26.110708008871924,40.28789314865334,17.733489826038774
"2020-03","usgs08164503",10012.596944789973,17161.53410619736,6035.295553359822
"2020-04","usgs08164503",11238.271434890246,17987.80743525553,7383.271769131168
"2020-05","usgs08164503",18330.84067182845,30519.00785765986,11316.028195437137
"2020-06","usgs08164503",13679.54306182312,24076.815712480053,7881.775443275974
"2020-07","usgs08164503",956.6248976236544,1642.294221655961,561.1290584297318
"2020-08","usgs08164503",42.05702816542691,74.19268227399014,23.06472687972613
"2020-09","usgs08164503",12112.040976745135,22187.524659109742,6586.092968465627
"2020-10","usgs08164503",101.87502343934192,180.28052581730904,58.53449788101155
"2020-11","usgs08164503",7557.29036676327,13372.2882148335,4316.004547251546
"2020-12","usgs08164503",14875.153325755182,24427.53532163026,9142.86871446648
"2005-01","usgs08164504",33.78491926929404,75.53235138950305,15.37831085232875
"2005-02","usgs08164504",24561.798952392797,59672.39525692108,10606.090912183334
"2005-03","usgs08164504",13451.426294572206,34947.6169074722,5371.284807383416
"2005-04","usgs08164504",42.2320323163729,85.21920780791083,20.473900333956614
"2005-05","usgs08164504",12652.97229144679,26583.383781337692,6080.0348806410375
"2005-06","usgs08164504",2056.783402124523,4641.654785827975,938.9968626709959
"2005-07","usgs08164504",1421.8299213469736,3200.0306767295724,657.0064153924103
"2005-08","usgs08164504",3.50848971184916,7.886841079451661,1.576325043421496
"2005-09","usgs08164504",0.007936995561970087,0.023157125579600684,0.0026818310853523692
"2005-10","usgs08164504",1.9858744959327266,5.516941576731986,0.7224417728484624
"2005-11","usgs08164504",1172.790401217973,3085.015327433686,464.0741160134606
"2005-12","usgs08164504",18.643263656742437,42.84042264228017,7.823925480421252
"2006-01","usgs08164504",0.16867562972598524,0.3813070590761908,0.07395448194324883
"2006-02","usgs08164504",0.5598921034828307,1.1989340998910432,0.2721168940323582
"2006-03","usgs08164504",92.03441202944904,200.35871550560364,45.1529448062444
"2006-04","usgs08164504",62.557513616504274,131.3880848973022,31.0083460719756
"2006-05","usgs08164504",3684.0076404055735,8578.486338864224,1630.817847712968
"2006-06","usgs08164504",5055.921011013872,11845.958896199558,2192.129932076974
"2006-07","usgs08164504",4348.668192475473,11390.30478898517,1731.8375347636074
"2006-08","usgs08164504",8.906727417429538,21.298181546155497,3.740564925074739
"2006-09","usgs08164504",26.85867768713108,64.4106008013811,11.747326370256406
"2006-10","usgs08164504",2722.5087167065135,6786.625809841114,1173.7030888135264
"2006-11","usgs08164504",2.5257019395015377,5.546516272918408,1.1417021348125085
"2006-12","usgs08164504",562.506653206282,1039.5923871234695,314.0230410922817
"2007-01","usgs08164504",164137.0940257922,313543.1215355071,89347.23141655904
"2007-02","usgs08164504",142.3845515446676,260.8229626537278,78.90673425642933
"2007-03","usgs08164504",118096.37261181454,206890.80645969394,68844.67571800084
"2007-04","usgs08164504",31334.789579174998,53850.499455760975,18396.730167304348
"2007-05","usgs08164504",34327.90892734662,60037.0550237432,19905.05400941848
"2007-06","usgs08164504",326.2857339458449,595.8162881332732,179.6841263697556
"2007-07","usgs08164504",46173.482500662336,89438.45656582272,24517.302379853892
"2007-08","usgs08164504",988.0608611679144,2054.363751198974,485.9303122681224
"2007-09","usgs08164504",943.7760701329544,2051.1405451805645,444.98767627387303
"2007-10","usgs08164504",2.4872880574550438,5.535778051610982,1.0670392383593248
"2007-11","usgs08164504",10.704403565607407,22.63357387032527,5.046172124369896
"2007-12","usgs08164504",2.845749313561053,5.783011693247192,1.3209958926299146
"2008-01","usgs08164504",17096.68402872125,20371.049033219526,14483.976703065922
"2008-02","usgs08164504",46531.23419857133,60895.76480955315,36181.232499171405
"2008-03","usgs08164504",2528.1115996781245,3665.2628985830197,1744.0210192843601
"2008-04","usgs08164504",60.182499309639645,115.83241589575763,30.25451519490519
"2008-05","usgs08164504",72.36353714908643,146.03455510738524,34.86238200335269
"2008-06","usgs08164504",77.8811700416642,165.67775841451032,34.98117570537717
"2008-07","usgs08164504",8.060991684101861,18.285517801134823,3.3593393840077206
"2008-08","usgs08164504",7526.731202769381,16571.698285162627,3565.538681700625
"2008-09","usgs08164504",19241.755834076037,42226.1787494667,8938.189219226198
"2008-10","usgs08164504",27.148518192117557,62.1841317659175,11.960333213028123
"2008-11","usgs08164504",906.1254752893265,1780.9937457444937,466.9856154935939
"2008-12","usgs08164504",2.9806522352843725,6.109293919259286,1.4380326264187842
"2009-01","usgs08164504",0.7581293614477682,1.5349394254654367,0.37390744861292463
"2009-02","usgs08164504",0.2446747524798026,0.4861170433017831,0.11989385383197526
"2009-03","usgs08164504",0.1996286137403074,0.4166394883753804,0.093370451054706
"2009-04","usgs08164504",40024.86492521502,81076.85413352125,20644.246327300636
"2009-05","usgs08164504",156.12826799601174,303.20984239487274,78.49372131604326
"2009-06","usgs08164504",89.86412104529384,185.43768876896638,42.29295432708388
"2009-07","usgs08164504",16.4708762188451,35.739362041642046,7.500900484811491
"2009-08","usgs08164504",0.0016005864291299984,0.004216458279244693,0.0006200660075659824
"2009-09","usgs08164504",2465.5064809783776,6022.1558363681615,986.9813301035252
"2009-10","usgs08164504",5739.896219008453,15349.28212596487,2245.2237831575826
"2009-11","usgs08164504",5028.275144603383,10954.513913081055,2252.018677776414
"2009-12","usgs08164504",29658.412453435707,68801.78435463838,13121.242085508795
"2010-01","usgs08164504",19517.968417936,38280.55354006837,9419.985113243974
"2010-02","usgs08164504",15986.857151460865,29702.510294341846,8279.188104395736
"2010-03","usgs08164504",18.091236527349484,31.44022006407213,9.669807196600221
"2010-04","usgs08164504",1.6350521035787633,2.8575483544287947,0.8970663410470827
"2010-05","usgs08164504",53245.72333560434,94158.10034354664,29655.97061545856
"2010-06","usgs08164504",911.2872592842903,1743.3418917263232,481.59559868273055
"2010-07","usgs08164504",18583.757153377195,41010.74748543425,8447.645356073595
"2010-08","usgs08164504",22.600299527017377,48.640185641474424,10.091699212515486
"2010-09","usgs08164504",1984.0490395120187,4387.640595224773,843.7138918860611
"2010-10","usgs08164504",0.0007335537455334494,0.0020530210787951027,0.0002662695331694101
"2010-11","usgs08164504",0.0023435070796719104,0.006042290692111899,0.0009220384181452474
"2010-12","usgs08164504",5.386526803063448,11.249975738514632,2.551104746134658
"2011-01","usgs08164504",168.61638670368774,273.4330946534571,104.89719095958864
"2011-02","usgs08164504",0.03864030371522704,0.06588108216015715,0.022186197122818406
"2011-03","usgs08164504",0.06581382949545127,0.11223941596155362,0.037953493962947414
"2011-04","usgs08164504",449.7488543145809,676.6117302574359,307.57106515707835
"2011-05","usgs08164504",6692.089376349545,12866.160636090593,3640.5210592510334
"2011-06","usgs08164504",26.795223903354145,47.47693475219338,15.058688743874846
"2011-07","usgs08164504",0.006438938068149451,0.01432842887095529,0.0029787981685796133
"2011-08","usgs08164504",0.003493379851451509,0.007988756157967791,0.0015155504972633948
"2011-09","usgs08164504",0.0026955182209762118,0.006652469262977629,0.0011431367866552569
"2011-10","usgs08164504",0.003513127685313151,0.008653271235019149,0.0014408056675751996
"2011-11","usgs08164504",0.0065707254433986844,0.014538329541463764,0.002960872118891647
"2011-12","usgs08164504",0.016221723706004453,0.03196013117076611,0.008516842833344316
"2012-01","usgs08164504",15043.683692161587,28593.190543758654,8019.094019969753
"2012-02","usgs08164504",174502.46384554013,337523.9876206095,92891.6498925376
"2012-03","usgs08164504",136893.64696323246,267258.27513927745,71479.60091967559
"2012-04","usgs08164504",26453.963394889994,50873.65508311934,14213.467232357274
"2012-05","usgs08164504",3104.4495931220304,5423.584196011556,1825.543132880847
"2012-06","usgs08164504",2.4145932283171523,4.389412660008417,1.335362004363235
"2012-07","usgs08164504",64458.685166650765,138952.58108123994,29287.99287804595
"2012-08","usgs08164504",0.43714780022483013,0.8641992304843489,0.2219197248387116
"2012-09","usgs08164504",4081.2473239019987,9716.949309623144,1810.6013596883815
"2012-10","usgs08164504",1226.6984776913005,2794.4224707727826,553.86395235429
"2012-11","usgs08164504",107.77650914460928,192.36061710387912,60.08599144784664
"2012-12","usgs08164504",819.6997928967761,1319.4415101048712,519.1386529739862
"2013-01","usgs08164504",121229.84599615408,230669.82621538354,63782.52586338224
"2013-02","usgs08164504",300.0875726333951,548.8027702178775,169.39181610979534
"2013-03","usgs08164504",0.0738791675309056,0.12238253403727961,0.04464598527799159
"2013-04","usgs08164504",17278.57393951706,36860.68156080211,8670.144643055673
"2013-05","usgs08164504",1986.7692452546153,3612.4518479429953,1128.736022122183
"2013-06","usgs08164504",384.84282312584,686.4243631899684,221.72809841680672
"2013-07","usgs08164504",927.1021736961437,1789.4672478525501,496.0319156358554
"2013-08","usgs08164504",20.343881297929983,38.424401891580175,11.226750719491696
"2013-09","usgs08164504",3194.777306115798,7027.1267172827265,1468.7976617163247
"2013-10","usgs08164504",1111.7423203589271,2338.168236027483,517.2552848333971
"2013-11","usgs08164504",3483.1638507504304,7007.838862394388,1724.5191091022791
"2013-12","usgs08164504",18.168621337140074,33.070433711983554,10.287107627219802
"2014-01","usgs08164504",39.14662593681139,74.3788715851623,21.34107237807543
"2014-02","usgs08164504",0.03800838166920615,0.06436996587014954,0.022691111814453352
"2014-03","usgs08164504",641.6739383498933,1128.3079419834935,362.3885658880676
"2014-04","usgs08164504",27.153135299734746,49.56707715043871,15.05288164688913
"2014-05","usgs08164504",140182.7222792373,284859.11428745143,69176.60963531787
"2014-06","usgs08164504",4420.22371538026,9116.852029992295,2162.2503680977034
"2014-07","usgs08164504",3467.011983459752,7533.259453586895,1641.4056759475004
"2014-08","usgs08164504",0.3674813740696094,0.702557482378078,0.1923411780571077
"2014-09","usgs08164504",2176.623289063875,4961.17056072837,999.8775911801437
"2014-10","usgs08164504",85.502442945386,173.722068910681,44.289555103836484
"2014-11","usgs08164504",798.2243924769158,1700.8367883324495,391.32040448705
"2014-12","usgs08164504",19438.665743042664,39437.13889275228,10075.015766726205
"2015-01","usgs08164504",45795.73546010993,94188.14195561086,23707.684278657816
"2015-02","usgs08164504",0.312912882384091,0.524689623021319,0.1926797365001576
"2015-03","usgs08164504",513045.8952662948,1076066.5595463014,257973.7426796197
"2015-04","usgs08164504",64271.17097898517,107295.61756777103,39466.74880371723
"2015-05","usgs08164504",11210.032706396481,19043.12136089792,6215.738188680919
"2015-06","usgs08164504",101924.46837436418,188194.6079718994,54588.84287744646
"2015-07","usgs08164504",59.60094380465093,128.36098089908404,27.098212190308768
"2015-08","usgs08164504",111.37422539023055,232.0952194051447,51.96305826073936
"2015-09","usgs08164504",1000.8969444987001,2115.6333948510915,491.531864666993
"2015-10","usgs08164504",16394.377669972917,35634.95565875949,7606.176429334201
"2015-11","usgs08164504",2914.066618015068,5890.884011869936,1507.4165499809033
"2015-12","usgs08164504",51.49161328458155,109.26568079692339,23.48092301134228
"2016-01","usgs08164504",9726.205061461442,16897.171641329005,5766.139560342186
"2016-02","usgs08164504",2678.703475975192,4130.25206577116,1764.1248230782223
"2016-03","usgs08164504",285089.9128594395,432793.248894819,181695.15029037185
"2016-04","usgs08164504",151495.30057911054,205961.0407296523,112963.17925340525
"2016-05","usgs08164504",88183.41721118387,145667.6980512446,55274.06294981345
"2016-06","usgs08164504",28323.045187595773,53845.52505952857,15521.509146947297
"2016-07","usgs08164504",42.58920213151227,100.25361468331704,18.452816682429084
"2016-08","usgs08164504",14311.07208276423,30195.335515408922,6886.366611823752
"2016-09","usgs08164504",3099.261866621854,7172.983608321096,1350.044307263721
"2016-10","usgs08164504",0.0033692673585270666,0.009483911902556935,0.0011439519342754051
"2016-11","usgs08164504",57.87948541501449,117.11718263533415,27.70323146229987
"2016-12","usgs08164504",21313.973378996594,42568.75639724819,10923.604917329034
"2017-01","usgs08164504",164526.99458933476,289969.134330964,98260.88477714312
"2017-02","usgs08164504",101575.86311033838,174416.96228701028,60204.95085681019
"2017-03","usgs08164504",87685.77659622527,163448.1743756441,48250.11833573555
"2017-04","usgs08164504",122427.51206431266,230257.6003932639,68053.21800626117
"2017-05","usgs08164504",4162.692652192758,7243.589343679664,2432.0356616008216
"2017-06","usgs08164504",10388.846895616092,20446.837208082106,5543.915443670676
"2017-07","usgs08164504",77.66518302114238,168.95230989962002,33.83141330473116
"2017-08","usgs08164504",27723.096700388203,67803.93993873966,11629.660487051226
"2017-09","usgs08164504",1141.3252160949003,2819.621983051802,473.10905127505504
"2017-10","usgs08164504",52.306048955503854,119.03002531879847,23.448491691316452
"2017-11","usgs08164504",9.286419631315345,19.75830599801498,4.279550166498993
"2017-12","usgs08164504",146.29525290712147,248.33446119007672,87.04880741109166
"2018-01","usgs08164504",418.24033185538303,635.6011167152926,281.43543346521767
"2018-02","usgs08164504",9869.993404764773,17520.516680318317,5729.410989232484
"2018-03","usgs08164504",34155.621131949236,65809.93745130727,17811.327189244814
"2018-04","usgs08164504",913.2692681276653,1576.9404126085228,517.671486564303
"2018-05","usgs08164504",344.8682351688722,594.5688203524807,193.17577909436153
"2018-06","usgs08164504",3662.694238743203,8060.83437814389,1644.5857555645584
"2018-07","usgs08164504",656.8817183717096,1609.3084336564598,285.62003783497454
"2018-08","usgs08164504",4.067233279473044,8.698615898811376,1.7688059829471068
"2018-09","usgs08164504",1537.1526493904082,4075.5711523990976,599.0693235542093
"2018-10","usgs08164504",1809.328601640327,4802.256177139222,707.0661166360164
"2018-11","usgs08164504",995.8627411248942,2506.7817533500124,399.2033689524212
"2018-12","usgs08164504",13373.355192454188,29495.936926729955,6010.320333097028
"2019-01","usgs08164504",2929.2589850247,6034.353867914557,1359.5389452072498
"2019-02","usgs08164504",3644.7743920154226,7563.126373078639,1772.4089823284044
"2019-03","usgs08164504",2247.065265481094,4739.580777242517,1090.4989647301088
"2019-04","usgs08164504",58.98045887088644,97.4935048935815,34.66682735604662
"2019-05","usgs08164504",25150.10000235494,47903.16497085886,13311.439248184073
"2019-06","usgs08164504",14821.17812099762,32457.373376927444,6711.697361325391
"2019-07","usgs08164504",24.053636001612958,53.034586836183216,11.110726328978517
"2019-08","usgs08164504",6.379969252624342,13.728032689651133,2.9773649697627973
"2019-09","usgs08164504",421.5764743353795,1037.1012137252226,180.33008147802326
"2019-10","usgs08164504",950.3144744567422,2304.2839172038416,404.99526440245256
"2019-11","usgs08164504",1298.2727197819445,3282.9721925299145,536.5671695123298
"2019-12","usgs08164504",7.814336707336931,14.954683949640874,4.090072793669537
"2020-01","usgs08164504",9381.904890152688,18731.77877829473,4795.520041742249
"2020-02","usgs08164504",13.67855238334605,21.974589600200442,8.507288377920972
"2020-03","usgs08164504",13.33926902276373,21.740157810057404,8.387162114047499
"2020-04","usgs08164504",24371.343783106324,50585.34842947275,12915.19522129424
"2020-05","usgs08164504",56082.647505228684,119514.34032882092,28520.648986728353
"2020-06","usgs08164504",22041.315729717964,52551.318014222285,9950.160188358028
"2020-07","usgs08164504",5614.798902824737,13474.308638570841,2418.5753997396105
"2020-08","usgs08164504",12.388980787824124,25.18342830655529,6.169067486580476
"2020-09","usgs08164504",10833.3303200077,29137.755409639394,4358.566092036628
"2020-10","usgs08164504",3.4407389660656698,7.822590993904344,1.5361016884165706
"2020-11","usgs08164504",23292.447433072426,64501.58499676288,9495.014166953108
"2020-12","usgs08164504",42623.00464285366,104077.50391822567,18396.863377930058
